订单ID,用户手机号(假号码),设备ID,订单金额,实付金额,支付渠道,订单状态,订单时间
1283564608904503296',18981942767,157829830668829372',9.65,9.65,余额支付,订单成功,7/16/2020 08:50:25
1283562046956511232',18723348424,157829830668829372',2.49,2.49,余额支付,订单成功,7/16/2020 08:40:14
1283369878748930048',18723348424,157829841525951628',0,0,余额支付,订单成功,7/15/2020 19:56:38
1283369044220846080',18723348424,157829841525951628',0,0,余额支付,订单成功,7/15/2020 19:53:19
1283366330577461248',13972829251,157829818607994096',0,0,余额支付,订单成功,7/15/2020 19:42:32
1283265287608868864',19102916999,157829841525951628',3.85,3.85,余额支付,订单成功,7/15/2020 13:01:01
1283201558544392192',18681932356,157829830668829372',9.98,3.98,余额支付,订单成功,7/15/2020 08:47:47
1282946939406786560',19102916999,157829841525951628',5.99,5.99,余额支付,订单成功,7/14/2020 15:56:01
1282906731281915904',18981917667,157829830668829372',1.69,1.69,余额支付,订单成功,7/14/2020 13:16:15
1282898832719618048',18164925417,157829830668829372',4.89,4.89,余额支付,订单成功,7/14/2020 12:44:51
1282841699336593408',15086345752,157829830668829372',6.95,0.95,余额支付,订单成功,7/14/2020 08:57:50
1282617713075953664',18981942763,157829818607994096',2.47,2.47,余额支付,订单成功,7/13/2020 18:07:47
1282614466340724736',18072974222,157829841525951628',6.06,6.06,余额支付,订单成功,7/13/2020 17:54:53
1282570561670881280',13578935613,157829830668829372',0.53,0.53,余额支付,订单成功,7/13/2020 15:00:26
1282569331213082624',13872908595,157829818607994096',4.4,4.4,余额支付,订单成功,7/13/2020 14:55:32
1282488774546432000',19102916999,157829830668829372',1.54,1.54,余额支付,订单成功,7/13/2020 09:35:26
1282251639734149120',19102916999,157829830668829372',0,0,余额支付,订单成功,7/12/2020 17:53:09
1282251555223117824',19102916999,157829841525951628',0,0,余额支付,订单成功,7/12/2020 17:52:49
1282251476466671616',19102916999,157829841525951628',0,0,余额支付,订单成功,7/12/2020 17:52:30
1282244136665358336',13872891079,157829841525951628',9.97,9.97,余额支付,订单成功,7/12/2020 17:23:20
1282102691040075776',13873634825,157829841525951628',1.48,1.48,余额支付,订单成功,7/12/2020 08:01:17
1281898398789935104',13873634825,157829841525951628',6.39,0.39,余额支付,订单成功,7/11/2020 18:29:29
1281897256441880576',18981969025,157829841525951628',0.91,0.91,余额支付,订单成功,7/11/2020 18:24:57
1281896190249803776',15086345752,157829818607994096',5.43,0,余额支付,订单成功,7/11/2020 18:20:43
1281815119676055552',18981942767,157829830668829372',1.76,1.76,余额支付,订单成功,7/11/2020 12:58:34
1281068095020212224',18049629898,157829830668829372',6.03,6.03,余额支付,订单成功,7/9/2020 11:30:10
1280789835627634688',18667897087,157829830668829372',0.15,0.15,余额支付,订单成功,7/8/2020 17:04:27
1280787502709612544',13972914216,157829841525951628',4.5,4.5,余额支付,订单成功,7/8/2020 16:55:11
1280690716242354176',13972914216,157829841525951628',0,0,余额支付,订单成功,7/8/2020 10:30:35
1280393360162693120',15081873016,157829841525951628',0,0,余额支付,订单成功,7/7/2020 14:49:00
1280314921133023232',15272826068,157829810475321301',2.13,2.13,余额支付,订单成功,7/7/2020 09:37:19
1280102892812115968',18173151421,157829810475321301',4.76,4.76,余额支付,订单成功,7/6/2020 19:34:47
1280075267104317440',13578935613,157829818607994096',13.35,7.35,余额支付,订单成功,7/6/2020 17:45:01
1280030933545918464',18049629898,157829830668829372',4.59,4.59,余额支付,订单成功,7/6/2020 14:48:51
1279756288414457856',18973748311,157829841525951628',0,0,余额支付,订单失效,7/5/2020 20:37:31
1279745553877704704',15086345752,157829841525951628',6.99,0.99,余额支付,订单成功,7/5/2020 19:54:51
1279744809988530176',18982089046,157829810475321301',6.97,6.97,余额支付,订单成功,7/5/2020 19:51:54
1279295712659775488',19102916999,157829841525951628',11.07,5.07,余额支付,订单成功,7/4/2020 14:07:21
1279245111838121984',19102916999,157829830668829372',22.53,16.53,余额支付,订单成功,7/4/2020 10:46:17
1279243013121646592',15086345752,157829818607994096',4.42,4.42,余额支付,订单成功,7/4/2020 10:37:56
1278897595284201472',15072847004,157829841525951628',11.76,5.76,余额支付,订单成功,7/3/2020 11:45:22
1278652700980158464',18705330606,157829841525951628',5.81,0,余额支付,订单成功,7/2/2020 19:32:15
1278652155343151104',18667897087,157829830668829372',5.99,0,余额支付,订单成功,7/2/2020 19:30:05
1278585512554405888',18482110843,157829841525951628',3.33,3.33,余额支付,订单成功,7/2/2020 15:05:16
1278573447068524544',15081873016,157829841525951628',6.76,6.76,余额支付,订单成功,7/2/2020 14:17:19
1278527191000555520',15981918823,157829810475321301',7.16,1.16,余额支付,订单成功,7/2/2020 11:13:31
1278474297769467904',13578935613,157829841525951628',8.3,2.3,余额支付,订单成功,7/2/2020 07:43:20
1278204079931400192',13578913934,157829830668829372',4.56,4.56,余额支付,订单成功,7/1/2020 13:49:35
1278158360449130496',18081928216,157829810475321301',0.99,0.99,余额支付,订单成功,7/1/2020 10:47:55
1278156665618964480',18081928216,157829810475321301',0.99,0.99,余额支付,订单成功,7/1/2020 10:41:11
1278155063491305472',18581918259,157829810475321301',0.99,0.99,余额支付,订单成功,7/1/2020 10:34:49
1277921751489323008',18581918259,157829841525951628',4.67,4.67,余额支付,订单成功,6/30/2020 19:07:43
1277921066563674112',18109915176,157829841525951628',0.51,0.51,余额支付,订单成功,6/30/2020 19:05:00
1277917659849302016',18109915176,157829841525951628',0,0,余额支付,订单成功,6/30/2020 18:51:27
1277917349374337024',18667897087,157829841525951628',0,0,余额支付,订单成功,6/30/2020 18:50:13
1277762107701731328',18981917667,157829841525951628',6,6,余额支付,订单成功,6/30/2020 08:33:21
1277464518007726080',18981942767,157829841525951628',4.22,4.22,余额支付,订单成功,6/29/2020 12:50:50
1277393601042849792',18482110843,157829841525951628',10.88,10.88,余额支付,订单成功,6/29/2020 08:09:02
1277133825482432512',15390728751,157829830668829372',5.6,5.6,余额支付,订单成功,6/28/2020 14:56:47
1277103561830047744',18610727784,157829830668829372',11.32,11.32,余额支付,订单成功,6/28/2020 12:56:31
1277087456751263744',19102916999,157829818607994096',16.31,16.31,余额支付,订单成功,6/28/2020 11:52:31
1277075181290135552',18052901509,157829810475321301',19.06,19.06,余额支付,订单成功,6/28/2020 11:03:45
1276837240248737792',13910733837,157829830668829372',5.94,5.94,余额支付,订单成功,6/27/2020 19:18:15
1276825809310720000',13309896316,157829841525951628',5.93,5.93,余额支付,订单成功,6/27/2020 18:32:50
1276822563850559488',13689821690,157829818607994096',6,6,余额支付,订单成功,6/27/2020 18:19:56
1276816000414916608',18772876817,157829818607994096',3.82,3.82,余额支付,订单成功,6/27/2020 17:53:51
1276814828014673920',13689821690,157829830668829372',13.77,13.77,余额支付,订单成功,6/27/2020 17:49:12
1276814265881468928',13809818459,157829818607994096',0.93,0.93,余额支付,订单成功,6/27/2020 17:46:58
1276814173011189760',13689821690,157829810475321301',11.47,11.47,余额支付,订单成功,6/27/2020 17:46:36
1276811019708276736',15981918823,157829818607994096',6.07,6.07,余额支付,订单成功,6/27/2020 17:34:04
1276779170608979968',13136622850,157829841525951628',12.64,12.64,余额支付,订单成功,6/27/2020 15:27:30
1276440117325864960',13579801449,157829841525951628',2.58,2.58,余额支付,订单成功,6/26/2020 17:00:14
1276434754610405376',13579801449,157829841525951628',0.93,0.93,余额支付,订单成功,6/26/2020 16:38:55
1276425962543915008',13578935613,157829841525951628',6.42,6.42,余额支付,订单成功,6/26/2020 16:03:59
1276390076301189120',18298954932,157829841525951628',5.87,5.87,余额支付,订单成功,6/26/2020 13:41:23
1276109955442941952',13427616997,157829841525951628',3.68,3.68,余额支付,订单成功,6/25/2020 19:08:17
1275779025503264768',13810730520,157829818607994096',13.54,13.54,余额支付,订单成功,6/24/2020 21:13:17
1275636940867379200',13100030224,157829841525951628',1.65,1.65,余额支付,订单成功,6/24/2020 11:48:42
1275602806467993600',13100030224,157829841525951628',0.99,0.99,余额支付,订单成功,6/24/2020 09:33:03
1275601207213432832',13100030224,157829841525951628',2.01,2.01,余额支付,订单成功,6/24/2020 09:26:42
1275599758060429312',13100030224,157829841525951628',0.99,0.99,余额支付,订单成功,6/24/2020 09:20:56
1275599106538217472',13973643855,157829841525951628',0.71,0.71,余额支付,订单成功,6/24/2020 09:18:21
1275573283697467392',18581918259,157829830668829372',1.46,1.46,余额支付,订单成功,6/24/2020 07:35:44
1275386257056473088',19182013008,157829841525951628',4.61,4.61,余额支付,订单成功,6/23/2020 19:12:34
1275367699031269376',13973643855,157829830668829372',6.07,6.07,余额支付,订单成功,6/23/2020 17:58:49
1275246534149283840',13758256602,157829830668829372',8.71,8.71,余额支付,订单成功,6/23/2020 09:57:21
1275233736090460160',13758256602,157829841525951628',11.89,11.89,余额支付,订单成功,6/23/2020 09:06:30
1275230354726461440',18782009638,157829830668829372',7.66,7.66,余额支付,订单成功,6/23/2020 08:53:04
1275054597676998656',18973748311,157829810475321301',6.34,6.34,余额支付,订单成功,6/22/2020 21:14:40
1275039066030874624',18973748311,157829830668829372',0.39,0.39,余额支付,订单成功,6/22/2020 20:12:57
1275038707472408576',18973748311,157829830668829372',0.41,0.41,余额支付,订单成功,6/22/2020 20:11:32
1275035799720828928',13578935613,157829830668829372',4.21,4.21,余额支付,订单成功,6/22/2020 19:59:58
1274937298219442176',18509817879,157829818607994096',6.19,6.19,余额支付,订单成功,6/22/2020 13:28:34
1274635936181002240',15183234106,157829830668829372',7.23,7.23,余额支付,订单成功,6/21/2020 17:31:03
1274608639226945536',18281953269,157829810475321301',6.93,6.93,余额支付,订单成功,6/21/2020 15:42:35
1274593765298020352',18281953269,157829818607994096',2.02,2.02,余额支付,订单成功,6/21/2020 14:43:29
1274592231587848192',18482110843,157829818607994096',2,2,余额支付,订单成功,6/21/2020 14:37:23
1274558356362895360',19102916999,157829841525951628',4.97,4.97,余额支付,订单成功,6/21/2020 12:22:47
1274531013061779456',18609824512,157829830668829372',14.14,14.14,余额支付,订单成功,6/21/2020 10:34:08
1274526133366562816',18581918259,157829810475321301',21.52,21.52,余额支付,订单成功,6/21/2020 10:14:44
1274320633861513216',18581918259,157829830668829372',2.44,2.44,余额支付,订单成功,6/20/2020 20:38:10
1274319440582025216',13873622489,157829830668829372',1.32,1.32,余额支付,订单成功,6/20/2020 20:33:25
1274284148437295104',18910731767,157829810475321301',0.46,0.46,余额支付,订单成功,6/20/2020 18:13:11
1274281176730968064',18910731767,157829841525951628',1.02,1.02,余额支付,订单成功,6/20/2020 18:01:22
1274279572808146944',18910731767,157829841525951628',0.95,0.95,余额支付,订单成功,6/20/2020 17:55:00
1274277201071841280',18910731767,157829841525951628',4.26,4.26,余额支付,订单成功,6/20/2020 17:45:34
1274275586927501312',15982012315,157829841525951628',1.79,1.79,余额支付,订单成功,6/20/2020 17:39:09
1274218989744300032',18667897087,157829830668829372',4.98,4.98,余额支付,订单成功,6/20/2020 13:54:16
1273818581167251456',18667897087,157829810475321301',0.07,0.07,余额支付,订单成功,6/19/2020 11:23:11
1273818463504441344',18667897087,157829810475321301',0,0,余额支付,订单成功,6/19/2020 11:22:43
1273818267391369216',18667897087,157829810475321301',0,0,余额支付,订单成功,6/19/2020 11:21:56
1273817984179380224',13180702338,157829841525951628',0,0,余额支付,订单成功,6/19/2020 11:20:48
1273583125741707264',13180702338,157829841525951628',1.31,1.31,余额支付,订单成功,6/18/2020 19:47:34
1273581101688037376',13872912958,157829841525951628',3.03,3.03,余额支付,订单成功,6/18/2020 19:39:31
1273579321717694464',13679913817,157829810475321301',1.05,1.05,余额支付,订单成功,6/18/2020 19:32:27
1273577725269123072',13679913817,157829810475321301',1.17,1.17,余额支付,订单成功,6/18/2020 19:26:06
1273576079487148032',15873444827,157829810475321301',2.04,2.04,余额支付,订单成功,6/18/2020 19:19:34
1273560902586867712',18700065820,157829830668829372',5.08,5.08,余额支付,订单成功,6/18/2020 18:19:15
1273556109629857792',15981831994,157829810475321301',10.18,10.18,余额支付,订单成功,6/18/2020 18:00:13
1273553829530705920',18981942767,157829830668829372',8.23,8.23,余额支付,订单成功,6/18/2020 17:51:09
1273550912899784704',18981942767,157829841525951628',7.53,7.53,余额支付,订单成功,6/18/2020 17:39:34
1273547625714688000',15352821461,157829841525951628',4.45,4.45,余额支付,订单成功,6/18/2020 17:26:30
1273229277906870272',13809818459,157829841525951628',5.79,5.79,余额支付,订单成功,6/17/2020 20:21:30
1273196862073217024',18926815255,157829810475321301',9.67,9.67,余额支付,订单成功,6/17/2020 18:12:41
1273193748238704640',18667897087,157829818607994096',4.4,4.4,余额支付,订单成功,6/17/2020 18:00:19
1273160616185700352',19981846223,157829830668829372',0,0,余额支付,订单成功,6/17/2020 15:48:40
1273123840800727040',19102916999,157829810475321301',6,6,微信支付,订单成功,6/17/2020 13:22:32
1273085474122113024',18973787208,157829841525951628',8,8,余额支付,订单成功,6/17/2020 10:50:04
1272887519838609408',18981917667,157829841525951628',6,6,余额支付,订单成功,6/16/2020 21:43:28
1272767473707524096',18081947479,157829841525951628',6,0,余额支付,订单成功,6/16/2020 13:46:27
15922190269822942xddf8',18081947479,157829841525951628',6.09,6.09,余额支付,订单成功,6/15/2020 19:03:46
15922188227442930cgdua',19973006840,157829841525951628',0,0,余额支付,订单成功,6/15/2020 19:00:22
15922139272002929du6jx',13973701388,157829841525951628',5.28,5.28,余额支付,订单成功,6/15/2020 17:38:47
1592141380366291f7tpbf',13578928110,157829841525951628',8.09,8.09,余额支付,订单成功,6/14/2020 21:29:40
1592119696054290ml07kn',13579801449,157829818607994096',3.85,3.85,余额支付,订单成功,6/14/2020 15:28:16
1592118280439289c5aw9y',13579801449,157829830668829372',8.28,2.28,余额支付,订单成功,6/14/2020 15:04:40
1592117658770288re929y',13579801449,157829841525951628',1.78,1.78,余额支付,订单成功,6/14/2020 14:54:18
1592116205602287ve0k44',13578935613,157829841525951628',12.18,6.18,余额支付,订单成功,6/14/2020 14:30:05
15921139139042867p22ju',13578935613,157829830668829372',2.48,2.48,余额支付,订单成功,6/14/2020 13:51:53
1592113803306285c5eht2',13910733837,157829818607994096',0.38,0.38,余额支付,订单成功,6/14/2020 13:50:03
1592100801954284j7zkp7',13910733837,157829810475321301',4.56,4.56,余额支付,订单成功,6/14/2020 10:13:21
15921007779152839xnqcz',13910733837,157829810475321301',0,0,余额支付,订单成功,6/14/2020 10:12:57
159210029148328221atzl',15173052094,157829810475321301',1.79,1.79,余额支付,订单成功,6/14/2020 10:04:51
15920479152842814gmyg5',13873622489,157829830668829372',3.64,3.64,余额支付,订单成功,6/13/2020 19:31:55
15920468711852806el7kp',13873634825,157829841525951628',1.41,1.41,余额支付,订单成功,6/13/2020 19:14:31
1592046481129279ejbrks',13873622489,157829810475321301',2.6,2.6,余额支付,订单成功,6/13/2020 19:08:01
15920461230782786ym4qp',13873634825,157829841525951628',1.08,1.08,余额支付,订单成功,6/13/2020 19:02:03
1592045471279277crzmuk',18581918259,157829810475321301',3.57,3.57,余额支付,订单成功,6/13/2020 18:51:11
1592045311560276m9q4yu',15073774635,157829830668829372',3.18,3.18,余额支付,订单成功,6/13/2020 18:48:31
1592042649055275rjhm38',18973706927,157829841525951628',4.49,4.49,余额支付,订单成功,6/13/2020 18:04:09
1592038137871274ecr3ct',18691269750,157829841525951628',4.42,4.42,余额支付,订单成功,6/13/2020 16:48:57
1592037547335273b249dl',18667897087,157829830668829372',2.36,2.36,余额支付,订单成功,6/13/2020 16:39:07
1592036966509272n66dxe',18691269750,157829841525951628',5.54,5.54,余额支付,订单成功,6/13/2020 16:29:26
159203340979427126sgn0',13427616997,157829830668829372',9.31,9.31,余额支付,订单成功,6/13/2020 15:30:09
1592028305732270vy6mlw',18667897087,157829818607994096',13.5,13.5,余额支付,订单成功,6/13/2020 14:05:05
15920145325472691ejl6r',18667897087,157829841525951628',3.32,3.32,余额支付,订单成功,6/13/2020 10:15:32
15920139797962680snwgc',13136622850,157829810475321301',2.59,2.59,余额支付,订单成功,6/13/2020 10:06:19
1591961255432267m6qh9m',13136622850,157829841525951628',3.46,3.46,余额支付,订单成功,6/12/2020 19:27:35
1591959243982266xm7azf',18667897087,157829841525951628',6.13,6.13,余额支付,订单成功,6/12/2020 18:54:03
15919571708262653x4nv8',13685082197,157829830668829372',3,3,余额支付,订单成功,6/12/2020 18:19:30
15919567288652649l6cse',13685082197,157829830668829372',0.05,0.05,余额支付,订单成功,6/12/2020 18:12:08
15919566679742636zvn0c',15873435382,157829830668829372',0.04,0.04,余额支付,订单成功,6/12/2020 18:11:07
1591956487440262dmnp9s',13685082197,157829830668829372',0.04,0.04,余额支付,订单成功,6/12/2020 18:08:07
159195626991526137bt96',18049629898,157829830668829372',0.43,0.43,余额支付,订单成功,6/12/2020 18:04:29
1591956086974260dznyl0',15981831994,157829818607994096',0.15,0.15,余额支付,订单成功,6/12/2020 18:01:26
1591954511208259xgeznm',15981831994,157829841525951628',9.51,9.51,余额支付,订单成功,6/12/2020 17:35:11
1591954203332258f0cksc',15981831994,157829841525951628',0.13,0.13,余额支付,订单成功,6/12/2020 17:30:03
1591954111171257uku3u0',18609824512,157829841525951628',0.07,0.07,余额支付,订单成功,6/12/2020 17:28:31
1591954103939256n423u3',13973809527,157829810475321301',1.87,1.87,余额支付,订单成功,6/12/2020 17:28:23
15919512915752558a2r7h',13973809527,157829830668829372',0.08,0.08,余额支付,订单成功,6/12/2020 16:41:31
1591951085077254gmkjjt',18049629898,157829830668829372',0.09,0.09,余额支付,订单成功,6/12/2020 16:38:05
1591950876421253ckg0tj',13973809527,157829810475321301',0.23,0.23,余额支付,订单成功,6/12/2020 16:34:36
15919504151412529c3z7v',13973809527,157829830668829372',0.15,0.15,余额支付,订单成功,6/12/2020 16:26:55
1591949718109251zaw5yl',13389823959,157829830668829372',1.34,1.34,余额支付,订单成功,6/12/2020 16:15:18
1591946627085250tg920j',13578935613,157829810475321301',6.2,6.2,余额支付,订单成功,6/12/2020 15:23:47
1591941959483249yyded9',18609824512,157829830668829372',3.03,3.03,余额支付,订单成功,6/12/2020 14:05:59
1591939592939248p6sqkp',18609824512,157829830668829372',0.24,0.24,余额支付,订单成功,6/12/2020 13:26:32
1591938039119247y96nc2',18609824512,157829830668829372',5.53,5.53,余额支付,订单成功,6/12/2020 13:00:39
159193802120724699ysma',18609824512,157829818607994096',0,0,余额支付,订单成功,6/12/2020 13:00:21
1591936629181245eu0w7c',18609824512,157829810475321301',6.7,6.7,余额支付,订单成功,6/12/2020 12:37:09
1591936392223244j381gq',19102916999,157829841525951628',1.76,1.76,余额支付,订单成功,6/12/2020 12:33:12
1591927639136243k56645',13679913817,157829841525951628',12.53,12.53,余额支付,订单成功,6/12/2020 10:07:19
1591874074714242w5ugcs',13369900761,157829841525951628',2.79,2.79,余额支付,订单成功,6/11/2020 19:14:34
1591867763232241p57s4b',13369900761,157829818607994096',3.84,3.84,余额支付,订单成功,6/11/2020 17:29:23
1591866619858240af7dsj',17709869314,157829818607994096',6.08,6.08,余额支付,订单成功,6/11/2020 17:10:19
15917937241682393p4egf',17709869314,157829830668829372',4.72,4.72,余额支付,订单成功,6/10/2020 20:55:24
15917934520372384mghb8',13609817895,157829818607994096',1.18,1.18,余额支付,订单成功,6/10/2020 20:50:52
1591782609018237qxhk27',15981831994,157829841525951628',0.09,0.09,余额支付,订单成功,6/10/2020 17:50:09
1591781008111236wyps3g',15981831994,157829841525951628',8.04,8.04,余额支付,订单成功,6/10/2020 17:23:28
1591780962768235whjwl9',13873694428,157829841525951628',0,0,余额支付,订单成功,6/10/2020 17:22:42
159178088392223416vm1r',19102916999,157829810475321301',5.26,0,余额支付,订单成功,6/10/2020 17:21:23
15916814516162332yu2ql',18681998810,157829841525951628',5.65,5.65,余额支付,订单成功,6/9/2020 13:44:11
159167219668923282xl2g',13909898966,157829818607994096',2.04,2.04,余额支付,订单成功,6/9/2020 11:09:56
15916705890152317ejcnm',13578935613,157829841525951628',4.48,4.48,余额支付,订单成功,6/9/2020 10:43:09
1591602494942230pp33m2',15973496375,157829841525951628',2.47,2.47,余额支付,订单成功,6/8/2020 15:48:14
1591518323188229mmk3gu',15973496375,157829818607994096',5.04,5.04,余额支付,订单成功,6/7/2020 16:25:23
1591517041617228rnyl3k',18581921234,157829818607994096',6.29,0.29,余额支付,订单成功,6/7/2020 16:04:01
1591516966253227k4xzd0',18772827182,157829830668829372',2.28,2.28,余额支付,订单成功,6/7/2020 16:02:46
1591516713409226sc1l9w',18973748311,157829841525951628',6.07,6.07,余额支付,订单成功,6/7/2020 15:58:33
15915161789662252gd9up',18581921234,157829810475321301',4.23,4.23,余额支付,订单成功,6/7/2020 15:49:38
15915160200352240t28er',18182502716,157829830668829372',6.1,6.1,余额支付,订单成功,6/7/2020 15:47:00
1591501136047223xmtxtt',18667897087,157829830668829372',4.56,4.56,余额支付,订单成功,6/7/2020 11:38:56
15915009819462222adr75',18182502716,157829830668829372',0.42,0.42,余额支付,订单成功,6/7/2020 11:36:21
1591500612105221h0agra',13809818459,157829830668829372',1.54,1.54,余额支付,订单成功,6/7/2020 11:30:12
15914990462712208physm',13332884074,157829841525951628',11.21,11.21,余额支付,订单成功,6/7/2020 11:04:06
1591497874038219flzkgr',13332884074,157829818607994096',10.13,4.13,余额支付,订单成功,6/7/2020 10:44:34
15914976152142181mdr8f',13332884074,157829830668829372',0.81,0.81,余额支付,订单成功,6/7/2020 10:40:15
1591497551897217755x1p',13427616997,157829830668829372',0,0,余额支付,订单成功,6/7/2020 10:39:11
1591491482325216dkswm5',13427616997,157829830668829372',7.01,7.01,余额支付,订单成功,6/7/2020 08:58:02
15914908662402150cgc6a',13427616997,157829818607994096',1.73,1.73,余额支付,订单成功,6/7/2020 08:47:46
15914905387592146q69j5',15073644233,157829830668829372',2.57,2.57,余额支付,订单成功,6/7/2020 08:42:18
159145029762521354eh00',15073644233,157829830668829372',2.69,2.69,余额支付,订单成功,6/6/2020 21:31:37
1591448947610212ubh7bs',15073644233,157829830668829372',6.09,6.09,余额支付,订单成功,6/6/2020 21:09:07
1591447822467211rufgvj',15073644233,157829830668829372',6.12,6.12,余额支付,订单成功,6/6/2020 20:50:22
1591447771590210mswmvg',17773690539,157829830668829372',0,0,余额支付,订单成功,6/6/2020 20:49:31
1591443061094209da8qk8',17773690539,157829830668829372',6.07,0.07,余额支付,订单成功,6/6/2020 19:31:01
1591442561044208uz7m7s',17773690539,157829841525951628',0,0,余额支付,订单成功,6/6/2020 19:22:41
15914424222092076q6d74',13427397747,157829841525951628',0,0,余额支付,订单成功,6/6/2020 19:20:22
1591442219574206ax41yr',13609822545,157829818607994096',4.57,4.57,余额支付,订单成功,6/6/2020 19:16:59
15914421091792058bvw9k',13609822545,157829818607994096',0,0,余额支付,订单成功,6/6/2020 19:15:09
1591440755501204mdtnnb',18581918259,157829818607994096',3.96,3.96,余额支付,订单成功,6/6/2020 18:52:35
1591440506886203l7v0t1',15581973420,157829841525951628',3.26,3.26,余额支付,订单成功,6/6/2020 18:48:26
1591440426127202bh8lgv',13609822545,157829830668829372',4.69,4.69,余额支付,订单成功,6/6/2020 18:47:06
1591440421210201qhg3kr',13873622489,157829818607994096',0.9,0.9,余额支付,订单成功,6/6/2020 18:47:01
1591439948320200fbtnnz',13873622489,157829810475321301',0.87,0.87,余额支付,订单成功,6/6/2020 18:39:08
1591438930225199c81cxd',13972860311,157829810475321301',1.41,1.41,余额支付,订单成功,6/6/2020 18:22:10
15914387264901985juhc2',13973809527,157829810475321301',0.77,0.77,余额支付,订单成功,6/6/2020 18:18:46
1591437817287197l80e1t',13972860311,157829841525951628',0.11,0.11,余额支付,订单成功,6/6/2020 18:03:37
1591437448819196fcx0gz',17781951239,157829810475321301',1.11,1.11,余额支付,订单成功,6/6/2020 17:57:28
1591437291301195a5lxfc',13973809527,157829818607994096',1.92,1.92,余额支付,订单成功,6/6/2020 17:54:51
15914372377271948meuuj',17772883393,157829841525951628',0.18,0.18,余额支付,订单成功,6/6/2020 17:53:57
15914359431501931lhass',13754009224,157829830668829372',2.86,2.86,余额支付,订单成功,6/6/2020 17:32:23
15914317993541927f0m6q',13973809527,157829810475321301',12.82,12.82,余额支付,订单成功,6/6/2020 16:23:19
1591430549322191zg609c',13769829226,157829841525951628',6.53,6.53,余额支付,订单成功,6/6/2020 16:02:29
1591429198885190rj8ccf',13578935613,157829830668829372',0.74,0.74,余额支付,订单成功,6/6/2020 15:39:58
1591425388268189bkkgtl',18482110843,157829841525951628',5.09,5.09,余额支付,订单成功,6/6/2020 14:36:28
159141548478618844q683',18482110843,157829818607994096',11.47,5.47,余额支付,订单成功,6/6/2020 11:51:24
1591412645657187x7hgqc',18072868399,157829830668829372',3.68,3.68,余额支付,订单成功,6/6/2020 11:04:05
1591354754229186pa9aky',18973706927,157829841525951628',4.74,4.74,余额支付,订单成功,6/5/2020 18:59:14
15913206953951859u7c7n',15072847004,157829810475321301',3.64,3.64,余额支付,订单成功,6/5/2020 09:31:35
1591270755818184gdd9mj',17264911466,157829810475321301',6.09,0,余额支付,订单成功,6/4/2020 19:39:15
1591252580709183p3gcwe',18667897087,157829830668829372',4.39,4.39,余额支付,订单成功,6/4/2020 14:36:20
159123416801818286qp9w',18981942767,157829841525951628',0.06,0.06,余额支付,订单成功,6/4/2020 09:29:28
1591229834093181686qhu',18981917667,157829830668829372',9.7,9.7,余额支付,订单成功,6/4/2020 08:17:14
1591162531704180p3ysru',18981917667,157829841525951628',2.96,2.96,余额支付,订单成功,6/3/2020 13:35:31
1591162302559179qjuqu8',13972914216,157829830668829372',1.45,1.45,余额支付,订单成功,6/3/2020 13:31:42
1591154291175178s7jjr4',13973643855,157829818607994096',1.65,1.65,余额支付,订单成功,6/3/2020 11:18:11
1591086595275177qvm9rl',18688668504,157829810475321301',5.01,5.01,余额支付,订单成功,6/2/2020 16:29:55
15910562699071761x0qzn',13872891079,157829830668829372',3.81,3.81,余额支付,订单成功,6/2/2020 08:04:29
15910560048071756xb974',18688668504,157829810475321301',3.42,3.42,余额支付,订单成功,6/2/2020 08:00:04
1591055802934174jmnl1f',18688668504,157829818607994096',0.72,0.72,余额支付,订单成功,6/2/2020 07:56:42
15910549790841739u21qw',18700065820,157829830668829372',4.27,4.27,余额支付,订单成功,6/2/2020 07:42:59
1591023290978172ekzpsh',13810728571,157829818607994096',1.69,1.69,余额支付,订单成功,6/1/2020 22:54:50
1590990651052171f1kflw',13369900761,157829830668829372',4.66,4.66,余额支付,订单成功,6/1/2020 13:50:51
1590982711986170mx7hlk',18109833980,157829818607994096',6.09,6.09,余额支付,订单成功,6/1/2020 11:38:31
1590982684749169s284lj',18667897087,157829830668829372',5.67,5.67,余额支付,订单成功,6/1/2020 11:38:04
159090975254216809ja6c',18691269750,157829810475321301',0.07,0.07,余额支付,订单成功,5/31/2020 15:22:32
159090841198316722a927',18772876817,157829841525951628',8.02,8.02,余额支付,订单成功,5/31/2020 15:00:11
1590905704176166cb9b17',18509906380,157829830668829372',6.1,6.1,余额支付,订单成功,5/31/2020 14:15:04
1590900416981165w2wdm2',18667897087,157829830668829372',3.52,3.52,余额支付,订单成功,5/31/2020 12:46:56
15908964608091643bc0aq',18667897087,157829830668829372',0,0,余额支付,订单成功,5/31/2020 11:41:00
1590895461631163dh4yv7',18981985215,157829810475321301',0,0,余额支付,订单成功,5/31/2020 11:24:21
1590894487180162665rhl',18667897087,157829841525951628',5.1,5.1,余额支付,订单成功,5/31/2020 11:08:07
1590893735323161832mjb',13332884074,157829841525951628',0,0,余额支付,订单成功,5/31/2020 10:55:35
1590892306961160hd7bxw',13332884074,157829810475321301',2.18,2.18,余额支付,订单成功,5/31/2020 10:31:46
1590891684070159x42aqe',13332884074,157829810475321301',0.81,0.81,余额支付,订单成功,5/31/2020 10:21:24
1590890471922158d9bbfv',13332884074,157829810475321301',6.09,6.09,余额支付,订单成功,5/31/2020 10:01:11
1590890354313157f6nhac',13332884074,157829810475321301',0,0,余额支付,订单成功,5/31/2020 09:59:14
1590890206949156rgpyw6',18772876817,157829810475321301',0,0,余额支付,订单成功,5/31/2020 09:56:46
1590889455297155wk4gls',15390728751,157829818607994096',12.7,12.7,余额支付,订单成功,5/31/2020 09:44:15
1590888686453154g13j2y',15390728751,157829830668829372',12.73,12.73,余额支付,订单成功,5/31/2020 09:31:26
1590888369763153j66jaz',15072906136,157829810475321301',1.97,1.97,余额支付,订单成功,5/31/2020 09:26:09
1590888229247152xcnvjn',15072906136,157829810475321301',0.99,0.99,余额支付,订单成功,5/31/2020 09:23:49
1590888061297151gwrdf3',18482110843,157829810475321301',1.34,1.34,余额支付,订单成功,5/31/2020 09:21:01
1590886300507150xqhkaf',18581918259,157829830668829372',3.84,3.84,余额支付,订单成功,5/31/2020 08:51:40
1590837987696149u229nm',13972860311,157829830668829372',2.46,2.46,余额支付,订单成功,5/30/2020 19:26:27
15908362816351484ku4wj',13972860311,157829810475321301',0.8,0.8,余额支付,订单成功,5/30/2020 18:58:01
1590835144589147p6q97g',18688668504,157829810475321301',3.32,3.32,余额支付,订单成功,5/30/2020 18:39:04
1590834099140146g1r7j2',13579801449,157829818607994096',1.42,1.42,余额支付,订单成功,5/30/2020 18:21:39
1590824374083145jfxtk0',18688668504,157829810475321301',4.5,4.5,余额支付,订单成功,5/30/2020 15:39:34
15907498126011448hk0vh',13578935613,157829818607994096',0.68,0.68,余额支付,订单成功,5/29/2020 18:56:52
1590733085914143c2kn35',15073725692,157829830668829372',6.1,6.1,余额支付,订单成功,5/29/2020 14:18:05
1590677219341142kbxwgy',15073725692,157829818607994096',1.41,1.41,余额支付,订单成功,5/28/2020 22:46:59
159067674076714187s1xg',18482110843,157829818607994096',3.37,3.37,余额支付,订单成功,5/28/2020 22:39:00
1590654637410140nrzsmy',18688668504,157829830668829372',4.74,4.74,余额支付,订单成功,5/28/2020 16:30:37
15906505073121397eqfga',15210734798,157829818607994096',5.88,5.88,余额支付,订单成功,5/28/2020 15:21:47
1590633069122138g4b97p',13872912958,157829818607994096',2.17,2.17,余额支付,订单成功,5/28/2020 10:31:09
1590583685846137h38xk9',13578956273,157829810475321301',4.79,4.79,余额支付,订单成功,5/27/2020 20:48:05
15905834877761369hlj73',18688668504,157829818607994096',4.18,4.18,余额支付,订单成功,5/27/2020 20:44:47
1590577591764135ypt55f',13399893253,157829830668829372',0.97,0.97,余额支付,订单成功,5/27/2020 19:06:31
1590487417364134mwppgx',13399893253,157829810475321301',4.11,4.11,余额支付,订单成功,5/26/2020 18:03:37
15904866196221331lnrmf',18072974222,157829810475321301',4.09,4.09,余额支付,订单成功,5/26/2020 17:50:19
15904861934101320qwxaw',18705330606,157829841525951628',0,0,余额支付,订单成功,5/26/2020 17:43:13
1590483441195131qhgpq1',18705330606,157829810475321301',0,0,余额支付,订单成功,5/26/2020 16:57:21
15904833775421302kl4sg',19102916999,157829810475321301',0,0,余额支付,订单成功,5/26/2020 16:56:17
1590483337270129j2bjbn',13389823959,157829830668829372',9.36,9.36,余额支付,订单成功,5/26/2020 16:55:37
1590479277756128k8k1fr',18667897087,157829810475321301',7.48,7.48,余额支付,订单成功,5/26/2020 15:47:57
1590475038040127nz4vhj',18913230094,157829841525951628',2.66,2.66,余额支付,订单成功,5/26/2020 14:37:18
1590470758548126shh6yw',18913230094,157829818607994096',2.63,2.63,余额支付,订单成功,5/26/2020 13:25:58
1590470685232125611mee',18688668504,157829818607994096',0,0,余额支付,订单成功,5/26/2020 13:24:45
1590384903707124rrk7v0',18688668504,157829818607994096',0.79,0.79,余额支付,订单成功,5/25/2020 13:35:03
1590384134143123xbnu76',13769820786,157829818607994096',1.74,1.74,余额支付,订单成功,5/25/2020 13:22:14
1590366236706122gads2b',13872891079,157829841525951628',1.07,1.07,余额支付,订单成功,5/25/2020 08:23:56
1590362531696121u8zfg2',15981831994,157829810475321301',2.92,2.92,余额支付,订单成功,5/25/2020 07:22:11
1590322992686120s09f4y',15981831994,157829830668829372',0.74,0.74,余额支付,订单成功,5/24/2020 20:23:12
1590322427235119lq0rmm',13973701388,157829830668829372',1.23,0,余额支付,订单成功,5/24/2020 20:13:47
1590318795506118a77tn0',19973006840,157829810475321301',3.69,3.69,余额支付,订单成功,5/24/2020 19:13:15
1590314527587117nlcnf9',13427616997,157829841525951628',2.19,2.19,余额支付,订单成功,5/24/2020 18:02:07
1590300273071116u1vnn7',15273746050,157829830668829372',5.45,0,余额支付,订单成功,5/24/2020 14:04:33
1590297505240115p5cjdl',15273746050,157829810475321301',2.21,2.21,余额支付,订单成功,5/24/2020 13:18:25
1590297422804114x8dzgs',18688668504,157829810475321301',0,0,余额支付,订单成功,5/24/2020 13:17:02
1590297370586113xmf91b',15273746050,157829830668829372',5,5,余额支付,订单成功,5/24/2020 13:16:10
1590297240655112fu9m49',15273746050,157829830668829372',0,0,余额支付,订单成功,5/24/2020 13:14:00
1590297176315111j8n18n',13578935613,157829830668829372',0,0,余额支付,订单成功,5/24/2020 13:12:56
1590241446782110y62ptn',13873634825,157829841525951628',1.47,1.47,余额支付,订单成功,5/23/2020 21:44:06
1590230014397109hd9upq',15183288085,157829810475321301',2.48,2.48,余额支付,订单成功,5/23/2020 18:33:34
15902288822301085gtu78',13810730520,157829841525951628',0.37,0.37,余额支付,订单成功,5/23/2020 18:14:42
1590228027915107fepu0b',13810730520,157829810475321301',2.56,2.56,余额支付,订单成功,5/23/2020 18:00:27
1590228010126106nxec6l',15183288085,157829810475321301',0,0,余额支付,订单成功,5/23/2020 18:00:10
1590227968289105pu5x1y',18909909081,157829841525951628',1.57,1.57,余额支付,订单成功,5/23/2020 17:59:28
15902229277231042nn25f',18667897087,157829830668829372',0.55,0.55,余额支付,订单成功,5/23/2020 16:35:27
1590218298528103u40w79',18926815255,157829841525951628',0.1,0.1,余额支付,订单成功,5/23/2020 15:18:18
1590214905637102s4l6m7',18926815255,157829830668829372',0.91,0.91,余额支付,订单成功,5/23/2020 14:21:45
1590214832443101g7kbkw',18981917667,157829830668829372',0,0,余额支付,订单成功,5/23/2020 14:20:32
1590209415606100yd9118',13973809527,157829830668829372',1.9,1.9,余额支付,订单成功,5/23/2020 12:50:15
159020349386299k6ebf4',15273745126,157829830668829372',9.96,3.96,余额支付,订单成功,5/23/2020 11:11:33
159019968886198lsp1pm',15273745126,157829810475321301',2.21,2.21,余额支付,订单成功,5/23/2020 10:08:08
1590199482421971ch1c5',13578903446,157829841525951628',0.08,0.08,余额支付,订单成功,5/23/2020 10:04:42
159014637129196md2rtl',18688668504,157829830668829372',2.46,2.46,余额支付,订单成功,5/22/2020 19:19:31
159014341106295mym6d8',13769829226,157829818607994096',0.33,0.33,余额支付,订单成功,5/22/2020 18:30:11
159013234864394nwr254',13769829226,157829830668829372',0.17,0.17,余额支付,订单成功,5/22/2020 15:25:48
1590131952586935zrwrb',13769829226,157829830668829372',0.94,0.94,余额支付,订单成功,5/22/2020 15:19:12
159013154918492mmjrsy',13769829226,157829830668829372',0.94,0.94,余额支付,订单成功,5/22/2020 15:12:29
159013145852991k8w8sz',15182923626,157829841525951628',0,0,余额支付,订单成功,5/22/2020 15:10:58
159011238443290s3kl4l',18981942767,157829810475321301',3.14,3.14,余额支付,订单成功,5/22/2020 09:53:04
159011173666089sgh830',18705330606,157829830668829372',2.95,2.95,余额支付,订单成功,5/22/2020 09:42:16
159006128001388s8n54u',18705330606,157829830668829372',1.89,0,余额支付,订单成功,5/21/2020 19:41:20
159006061423187ddlyew',13688975603,157829830668829372',1.75,0,余额支付,订单成功,5/21/2020 19:30:14
159005562548186k0kl7l',18981942763,157829830668829372',2.37,2.37,余额支付,订单成功,5/21/2020 18:07:05
159003941461585lfkbu4',18981942763,157829810475321301',2.5,2.5,余额支付,订单成功,5/21/2020 13:36:54
1590039247341840cc7qv',13973701388,157829841525951628',0.06,0.06,余额支付,订单成功,5/21/2020 13:34:07
15899743437558357ddhe',13830622260,157829810475321301',3.51,3.51,余额支付,订单成功,5/20/2020 19:32:23
15899736062488287wwuc',13873694428,157829830668829372',1.86,1.86,余额支付,订单成功,5/20/2020 19:20:06
1589965978613818ggkhm',13578935613,157829810475321301',1.59,1.59,余额支付,订单成功,5/20/2020 17:12:58
158996592102080b1zjue',18482110843,157829818607994096',1.86,1.86,余额支付,订单成功,5/20/2020 17:12:01
158996128219779yjfx30',13972829251,157829830668829372',3.46,3.46,余额支付,订单成功,5/20/2020 15:54:42
158995470958678zepacv',13872908595,157829810475321301',1.41,1.41,余额支付,订单成功,5/20/2020 14:05:09
158986722426377grc1s1',13872908595,157829810475321301',1.16,1.16,余额支付,订单成功,5/19/2020 13:47:04
15898669383117600evxp',18981917667,157829841525951628',0.46,0.46,余额支付,订单成功,5/19/2020 13:42:18
158986327317175yuj0vf',19102916999,157829830668829372',2.04,2.04,余额支付,订单成功,5/19/2020 12:41:13
158980846999374vd9lhr',19102916999,157829830668829372',4.04,4.04,余额支付,订单成功,5/18/2020 21:27:49
158980821364373lgca5g',15272848909,157829830668829372',0.57,0.57,余额支付,订单成功,5/18/2020 21:23:33
1589793751887725emmfn',19973006840,157829830668829372',2.58,2.58,余额支付,订单成功,5/18/2020 17:22:31
1589789139848718771vw',18681998810,157829810475321301',0.7,0.7,余额支付,订单成功,5/18/2020 16:05:39
158978441143570mtafun',18981942767,157829830668829372',7,1,余额支付,订单成功,5/18/2020 14:46:51
158976248681469rcvxfj',18981942767,157829810475321301',6.63,6.63,余额支付,订单成功,5/18/2020 08:41:26
158976236825368r7dqsp',13872891079,157829841525951628',0.05,0.05,余额支付,订单成功,5/18/2020 08:39:28
158975929202167a2y870',13872891079,157829810475321301',1.52,1.52,余额支付,订单成功,5/18/2020 07:48:12
15897590963876618sjnc',13578956273,157829841525951628',0.06,0.06,余额支付,订单成功,5/18/2020 07:44:56
158971874656165xqw1a2',18688668504,157829818607994096',1.46,1.46,余额支付,订单成功,5/17/2020 20:32:26
158971456533264lv8lzv',13758256602,157829818607994096',3.75,3.75,余额支付,订单成功,5/17/2020 19:22:45
1589708211021636xfszz',18973748311,157829830668829372',4.54,4.54,余额支付,订单成功,5/17/2020 17:36:51
158970201470362l6jsnf',18973748311,157829830668829372',1.77,1.77,余额支付,订单成功,5/17/2020 15:53:34
158970174935461ejpch3',13427616997,157829841525951628',0.06,0.06,余额支付,订单成功,5/17/2020 15:49:09
15896953193196069p84x',18853704005,157829830668829372',3.51,3.51,余额支付,订单成功,5/17/2020 14:01:59
158969112600159dzxl8b',15390728751,157829810475321301',3.78,3.78,余额支付,订单成功,5/17/2020 12:52:06
1589685096220584rhn0w',18688668504,157829810475321301',3.84,3.84,余额支付,订单成功,5/17/2020 11:11:36
158962552127057um3h5x',15730453571,157829818607994096',0.18,0.18,余额支付,订单成功,5/16/2020 18:38:41
158960640078656j1f7qv',15730453571,157829810475321301',5.82,5.82,余额支付,订单成功,5/16/2020 13:20:00
158960617940755pheqxq',19102916999,157829841525951628',0,0,余额支付,订单成功,5/16/2020 13:16:19
158960518527654edklgl',18691269750,157829830668829372',1.89,1.89,余额支付,订单成功,5/16/2020 12:59:45
158959878736953mxlyvj',18872898390,157829830668829372',11.11,11.11,余额支付,订单成功,5/16/2020 11:13:07
15895882043275208blsx',18872898390,157829810475321301',0.18,0.18,余额支付,订单成功,5/16/2020 08:16:44
158958752440651ssk6qf',18688668504,157829810475321301',0,0,余额支付,订单成功,5/16/2020 08:05:24
1589540089677504t3nyf',18281967191,157829818607994096',0.51,0.51,余额支付,订单成功,5/15/2020 18:54:49
1589523389943494fv59v',15081823005,157829818607994096',1.57,1.57,余额支付,订单成功,5/15/2020 14:16:29
158952211933548nerkms',18688668504,157829830668829372',2.1,2.1,余额支付,订单成功,5/15/2020 13:55:19
158945322620047nlkevm',19102916999,157829818607994096',0.43,0.43,余额支付,订单成功,5/14/2020 18:47:06
1589419491609464hqln5',13609822545,157829830668829372',0.43,0.43,余额支付,订单成功,5/14/2020 09:24:51
158937534310545tx1rut',18872898390,157829830668829372',1.23,1.23,余额支付,订单成功,5/13/2020 21:09:03
1589362707945447z6f9c',13578935613,157829830668829372',1.36,1.36,余额支付,订单成功,5/13/2020 17:38:27
158936204388543j8enh0',18667897087,157829818607994096',1.74,1.74,余额支付,订单成功,5/13/2020 17:27:23
158936002861842cekv42',18872898390,157829830668829372',1.27,0,余额支付,订单成功,5/13/2020 16:53:48
158935944999241ggak7h',18049629898,157829810475321301',1.68,1.68,余额支付,订单成功,5/13/2020 16:44:09
158935937480940b3qrqj',18909909081,157829841525951628',1.38,1.38,余额支付,订单成功,5/13/2020 16:42:54
158935905169539r6lay7',18909909081,157829818607994096',2.21,2.21,余额支付,订单成功,5/13/2020 16:37:31
158935772376038nk6ycj',13873694428,157829810475321301',0.01,0.01,余额支付,订单成功,5/13/2020 16:15:23
158933019405237lh1as2',15873444827,157829810475321301',2.84,2.84,余额支付,订单成功,5/13/2020 08:36:34
158928245401536wxaqc5',18688668504,157829810475321301',2.58,2.58,余额支付,订单成功,5/12/2020 19:20:54
158928112610435rhfrlz',13973809527,157829810475321301',0.52,0.52,余额支付,订单成功,5/12/2020 18:58:46
158927910998434m41y3r',13973809527,157829830668829372',0.12,0.12,余额支付,订单成功,5/12/2020 18:25:09
158927889404433p0y7l2',18981969012,157829830668829372',0.61,0.61,余额支付,订单成功,5/12/2020 18:21:34
15892783541183262fbzm',17772883393,157829830668829372',0.91,0.91,余额支付,订单成功,5/12/2020 18:12:34
1589275719761317k5zc3',18981942767,157829810475321301',3.14,3.14,余额支付,订单成功,5/12/2020 17:28:39
1589273739358306ncgah',18981942767,157829830668829372',1.21,1.21,余额支付,订单成功,5/12/2020 16:55:39
158927256867329wamygn',18981917667,157829830668829372',3.8,3.8,余额支付,订单成功,5/12/2020 16:36:08
158926252716628s8h4z5',18981917667,157829830668829372',1.37,1.37,余额支付,订单成功,5/12/2020 13:48:47
158926226768927r2z7u5',15390728751,157829841525951628',0.47,0.47,余额支付,订单成功,5/12/2020 13:44:27
158919406118326yb3aul',15390728751,157829830668829372',0.1,0.1,余额支付,订单成功,5/11/2020 18:47:41
1589190745847257qzsd1',18609824512,157829830668829372',9.42,9.42,余额支付,订单成功,5/11/2020 17:52:25
1589189562972246gpxkc',13578935613,157829830668829372',3.09,3.09,余额支付,订单成功,5/11/2020 17:32:42
158918840770023kxl5ku',19102916999,157829818607994096',8.89,2.89,余额支付,订单成功,5/11/2020 17:13:27
158918819703822cyy116',18681998810,157829810475321301',9.83,9.83,余额支付,订单成功,5/11/2020 17:09:57
158918314098921rzt25d',19981846223,157829810475321301',0,0,余额支付,订单成功,5/11/2020 15:45:40
158918296029620uu9fxa',18681998810,157829830668829372',4.97,4.97,余额支付,订单成功,5/11/2020 15:42:40
158918155072819synhkf',18681932356,157829810475321301',5.79,5.79,余额支付,订单成功,5/11/2020 15:19:10
158911476046618bmymfv',18688668504,157829810475321301',0,0,余额支付,订单成功,5/10/2020 20:46:00
158910649920617wcyqn3',18973748311,157829818607994096',0,0,余额支付,订单成功,5/10/2020 18:28:19
1589095060761165hwq9q',13830622260,157829818607994096',0,0,余额支付,订单成功,5/10/2020 15:17:40
158909332399515b0z07w',13389823959,157829818607994096',0,0,余额支付,订单成功,5/10/2020 14:48:43
158899110712614ybwnr3',18981942763,157829810475321301',0,0,余额支付,订单成功,5/9/2020 10:25:07
158898659082613ysglf3',18072974222,157829841525951628',0,0,余额支付,订单成功,5/9/2020 09:09:50
1588920799031125q0mj4',18072974222,157829818607994096',0,0,余额支付,订单成功,5/8/2020 14:53:19
158892009143011sdsbc9',18072974222,157829818607994096',0,0,余额支付,订单成功,5/8/2020 14:41:31
158891985384810cx57cy',18072974222,157829818607994096',0,0,余额支付,订单成功,5/8/2020 14:37:33
15889191802019904g2p',13702344495,157829818607994096',0,0,余额支付,订单成功,5/8/2020 14:26:20
15889164937238ahwkzl',15982000060,157829841525951628',0,0,余额支付,订单成功,5/8/2020 13:41:33
158891157159179vfwe5',18482110843,157829830668829372',0,0,余额支付,订单成功,5/8/2020 12:19:31
158890763322462wglu5',15073725692,157829830668829372',0,0,余额支付,订单成功,5/8/2020 11:13:53
15889060756865dwqtc2',18482110843,157829841525951628',0,0,余额支付,订单成功,5/8/2020 10:47:55
15889058070214fusd2f',18981942767,157829830668829372',0,0,余额支付,订单成功,5/8/2020 10:43:27
158889609298934gv72d',18688668504,157829810475321301',0,0,余额支付,订单成功,5/8/2020 08:01:32
15888495440752ps7q3u',19102916999,157829818607994096',0,0,余额支付,订单成功,5/7/2020 19:05:44
15888489994561vdg33c',18667897087,157829810475321301',0,0,余额支付,订单成功,5/7/2020 18:56:39
15888445820350e110gu',18872898390,157829818607994096',0.06,0.06,余额支付,订单成功,5/7/2020 17:43:02
15888401414339133uej5',18872898390,157829818607994096',0.51,0.51,余额支付,订单成功,5/7/2020 16:29:01
158884010358190367ag6',13810730520,157829818607994096',0,0,余额支付,订单成功,5/7/2020 16:28:23
158881864849589ynfl79',18667897087,157829830668829372',0,0,余额支付,订单成功,5/7/2020 10:30:48
158881724297188lacjdj',18667897087,157829810475321301',0,0,余额支付,订单成功,5/7/2020 10:07:22
1588816406080879tbxcr',18667897087,157829810475321301',0,0,余额支付,订单成功,5/7/2020 09:53:26
158881629821286n2kmj5',18667897087,157829841525951628',0,0,余额支付,订单成功,5/7/2020 09:51:38
15888160907968588a3tj',18667897087,157829830668829372',0,0,余额支付,订单成功,5/7/2020 09:48:10
158881573602984fy4y5e',18688668504,157829818607994096',0,0,余额支付,订单成功,5/7/2020 09:42:16
15887645769298393gum3',18981942767,157829818607994096',0,0,余额支付,订单成功,5/6/2020 19:29:36
158875242090582m558h0',18981942767,157829818607994096',0,0,余额支付,订单成功,5/6/2020 16:07:00
1588740012856810n0v0u',18973646954,157829830668829372',0,0,余额支付,订单成功,5/6/2020 12:40:12
1588670051713809x3gwx',13972846743,157829841525951628',0,0,余额支付,订单成功,5/5/2020 17:14:11
158866997215679k1wura',13809818459,157829818607994096',0,0,余额支付,订单成功,5/5/2020 17:12:52
158866200442878pq1d0q',13769841357,157829830668829372',0,0,余额支付,订单成功,5/5/2020 15:00:04
158865681094577e7a00t',13769841357,157829841525951628',0,0,余额支付,订单成功,5/5/2020 13:33:30
1588654110159763hcy0q',13872867401,157829841525951628',0,0,余额支付,订单成功,5/5/2020 12:48:30
158858993063075l9b3l5',13578935613,157829810475321301',0,0,余额支付,订单成功,5/4/2020 18:58:50
158858804891874g4vyh9',13578935613,157829830668829372',0,0,余额支付,订单成功,5/4/2020 18:27:28
158858767375773vl2eaf',13578935613,157829830668829372',0,0,余额支付,订单成功,5/4/2020 18:21:13
1588586896613720hznza',19182013008,157829830668829372',0,0,余额支付,订单成功,5/4/2020 18:08:16
158858200371571mmlhjc',13369900761,157829830668829372',0,0,余额支付,订单成功,5/4/2020 16:46:43
158858190068770n5cz9h',18109833980,157829818607994096',0,0,余额支付,订单成功,5/4/2020 16:45:00
158858118540869v4r6sg',13769829226,157829841525951628',0,0,余额支付,订单成功,5/4/2020 16:33:05
158857798702968tvd3yg',13904139259,157829841525951628',0,0,余额支付,订单成功,5/4/2020 15:39:47
1588565730367675mgbsg',15081864059,157829830668829372',0,0,余额支付,订单成功,5/4/2020 12:15:30
158855552266566thmz7a',15081864059,157829841525951628',0,0,余额支付,订单成功,5/4/2020 09:25:22
1588549848088655fy361',13634590785,157829810475321301',0,0,余额支付,订单成功,5/4/2020 07:50:48
1588508457323647zycqx',13578925618,157829841525951628',0,0,余额支付,订单成功,5/3/2020 20:20:57
158850461369263e521v4',18688668504,157829841525951628',0,0,余额支付,订单成功,5/3/2020 19:16:53
1588504467618629jtfpe',17773690539,157829818607994096',0,0,余额支付,订单成功,5/3/2020 19:14:27
158849939653261h8frpd',15073711139,157829841525951628',0,0,余额支付,订单成功,5/3/2020 17:49:56
158849794840060htqg1j',13630729342,157829830668829372',0,0,余额支付,订单成功,5/3/2020 17:25:48
1588497352414597z3ept',13389823959,157829841525951628',0,0,余额支付,订单成功,5/3/2020 17:15:52
15884928759235857n8jw',13578935613,157829818607994096',0,0,余额支付,订单成功,5/3/2020 16:01:15
1588484543642575cbnju',13578935613,157829818607994096',0,0,余额支付,订单成功,5/3/2020 13:42:23
158848347241956ze2qvd',13578935613,157829818607994096',0,0,余额支付,订单成功,5/3/2020 13:24:32
158848340264155lj74nm',13309899421,157829818607994096',0,0,余额支付,订单成功,5/3/2020 13:23:22
1588480852585541tn7hf',18982608079,157829830668829372',0,0,余额支付,订单成功,5/3/2020 12:40:52
158847851126653eeayp9',18691269750,157829810475321301',0,0,余额支付,订单成功,5/3/2020 12:01:51
158847344630452jle4an',15081864059,157829841525951628',0,0,余额支付,订单成功,5/3/2020 10:37:26
158846548179651798f04',15081864059,157829810475321301',0,0,余额支付,订单成功,5/3/2020 08:24:41
1588465083459503e66um',13758256602,157829810475321301',0,0,余额支付,订单成功,5/3/2020 08:18:03
1588462425566494yjmv5',18172881253,157829841525951628',0,0,余额支付,订单成功,5/3/2020 07:33:45
158842585358248whdwtu',19973006840,157829841525951628',0,0,余额支付,订单成功,5/2/2020 21:24:13
158841401808547zlwwvf',15973442264,157829810475321301',0,0,余额支付,订单成功,5/2/2020 18:06:58
158841136082846bweqtu',13689821690,157829830668829372',0,0,余额支付,订单成功,5/2/2020 17:22:40
158841061874845t7k0rp',15072894396,157829818607994096',0,0,余额支付,订单成功,5/2/2020 17:10:18
158840218602344jsw4a0',18872898390,157829810475321301',0,0,余额支付,订单成功,5/2/2020 14:49:46
158838767971743qhhjeh',18872898390,157829830668829372',0,0,余额支付,订单成功,5/2/2020 10:47:59
158838742203142dd2rry',19102916999,157829841525951628',0,0,余额支付,订单成功,5/2/2020 10:43:42
1588380934883410rdh26',13578956273,157829810475321301',0,0,余额支付,订单成功,5/2/2020 08:55:34
158833139025640esbe5t',18072948325,157829830668829372',0,0,余额支付,订单成功,5/1/2020 19:09:50
158832563536139ka5usg',18072948325,157829810475321301',0,0,余额支付,订单成功,5/1/2020 17:33:55
158832456254738wgslvn',13562181359,157829810475321301',0,0,余额支付,订单成功,5/1/2020 17:16:02
158832161862637x82c1p',13562181359,157829830668829372',0,0,余额支付,订单成功,5/1/2020 16:26:58
15883214630503688e64z',17772835877,157829830668829372',0,0,余额支付,订单成功,5/1/2020 16:24:23
158832144822435tvr37m',18781985315,157829810475321301',0,0,余额支付,订单成功,5/1/2020 16:24:08
15883185756783489alza',15973115250,157829841525951628',0,0,余额支付,订单成功,5/1/2020 15:36:15
158831282322833wwsehx',13873812957,157829830668829372',0,0,余额支付,订单成功,5/1/2020 14:00:23
158830916936132g700kb',13187389175,157829841525951628',0,0,余额支付,订单成功,5/1/2020 12:59:29
1588307902875311yqf4m',13873777476,157829841525951628',5.99,5.99,余额支付,订单成功,5/1/2020 12:38:22
158830564878430zxzqex',13609822545,157829841525951628',4.91,4.91,余额支付,订单成功,5/1/2020 12:00:48
1588247731672291nur9x',17773690539,157829841525951628',2.64,2.64,余额支付,订单成功,4/30/2020 19:55:31
158824763079828sskh9z',13609822545,157829830668829372',5.7,5.7,余额支付,订单成功,4/30/2020 19:53:50
15882470699482710vqfw',17709869314,157829841525951628',1.23,1.23,余额支付,订单成功,4/30/2020 19:44:29
158824598156626bp5es5',17709869314,157829818607994096',0.16,0.16,余额支付,订单成功,4/30/2020 19:26:21
1588245084721250hl96y',13881957710,157829818607994096',5.27,0,余额支付,订单成功,4/30/2020 19:11:24
15882434485092483avn0',18688668504,157829810475321301',5.71,5.71,余额支付,订单成功,4/30/2020 18:44:08
158824342784923stbwgx',18299151508,157829818607994096',0.64,0.64,余额支付,订单成功,4/30/2020 18:43:47
158824261210222j8yyg2',18381888388,157829830668829372',2.69,2.69,余额支付,订单成功,4/30/2020 18:30:12
158824220576821tpsk9j',18299151508,157829841525951628',3.01,3.01,余额支付,订单成功,4/30/2020 18:23:25
158824164941720elsjdr',18667897087,157829830668829372',6.02,6.02,余额支付,订单成功,4/30/2020 18:14:09
1588234244665190acn2k',18667897087,157829841525951628',12.65,2.65,余额支付,订单成功,4/30/2020 16:10:44
158823390852818fg7lmu',15873435382,157829841525951628',0.55,0.55,余额支付,订单成功,4/30/2020 16:05:08
1588233835489173vzdb8',15873435382,157829810475321301',0,0,余额支付,订单成功,4/30/2020 16:03:55
15882337663731681sgmj',15873435382,157829810475321301',0,0,余额支付,订单成功,4/30/2020 16:02:46
1588233667269159f5d2p',15873435382,157829810475321301',0,0,余额支付,订单成功,4/30/2020 16:01:07
158823360876414z9hl67',15873435382,157829810475321301',0,0,余额支付,订单成功,4/30/2020 16:00:08
158823357225313qaepav',18609824512,157829810475321301',0,0,余额支付,订单成功,4/30/2020 15:59:32
158823169918212hzynrk',13909898966,157829830668829372',8.62,8.62,余额支付,订单成功,4/30/2020 15:28:19
158822967573311l5xbme',18281967191,157829810475321301',6.88,0,余额支付,订单成功,4/30/2020 14:54:35
158822875491910lucu4u',18688668504,157829841525951628',3.37,3.37,余额支付,订单成功,4/30/2020 14:39:14
15882263819099z7v6br',13100030224,157829818607994096',7.84,7.84,余额支付,订单成功,4/30/2020 13:59:41
15882241198438pawe2v',13100030224,157829841525951628',0.26,0.26,余额支付,订单成功,4/30/2020 13:21:59
15882229599537gqb6mc',13578935613,157829841525951628',5.04,5.04,余额支付,订单成功,4/30/2020 13:02:39
1588222383770663ehqx',13770270853,157829818607994096',0,0,余额支付,订单成功,4/30/2020 12:53:03
15882207756745e1blh4',18981942767,157829810475321301',5.99,5.99,余额支付,订单成功,4/30/2020 12:26:15
15882118072074se6y26',18981942767,157829818607994096',0.5,0.5,余额支付,订单成功,4/30/2020 09:56:47
158821010105931kzcug',15281939488,157829818607994096',4.86,4.86,余额支付,订单成功,4/30/2020 09:28:21
1588208747654242dn2u',13809818459,157829810475321301',4,4,余额支付,订单成功,4/30/2020 09:05:47
15881542943661d0mhc2',13873694428,157829841525951628',6.37,6.37,余额支付,订单成功,4/29/2020 17:58:14
15881521607220wxbhmb',13809852510,157829841525951628',5.98,0,余额支付,订单成功,4/29/2020 17:22:40
158814917984250lgf3yc',18973771642,157829830668829372',6.03,6.03,余额支付,订单成功,4/29/2020 16:32:59
158814907621249k35kxq',15882414506,157829810475321301',5.54,5.54,余额支付,订单成功,4/29/2020 16:31:16
1588148384672489n1heq',18981917667,157829841525951628',6.01,6.01,余额支付,订单成功,4/29/2020 16:19:44
158813841709847puuslj',13870338625,157829830668829372',3.23,3.23,余额支付,订单成功,4/29/2020 13:33:37
158813464973146jjb3la',18981942767,157829841525951628',5.98,5.98,余额支付,订单成功,4/29/2020 12:30:49
158811304958345jb4tkb',18688668504,157829830668829372',10.97,10.97,余额支付,订单成功,4/29/2020 06:30:49
158807075484744rwxmad',18973706927,157829818607994096',1.36,1.36,余额支付,订单成功,4/28/2020 18:45:54
158804400790243wmg5sx',18973706927,157829841525951628',0.9,0.9,余额支付,订单成功,4/28/2020 11:20:07
158804250526642kx7t81',18981969012,157829841525951628',4.07,4.07,余额支付,订单成功,4/28/2020 10:55:05
1588040501489414vkjrs',18688668504,157829810475321301',3.44,3.44,余额支付,订单成功,4/28/2020 10:21:41
158798403263240tbusw4',18945136810,157829830668829372',0.09,0.09,余额支付,订单成功,4/27/2020 18:40:32
158798365698539v4jetq',15086360195,157829818607994096',0.92,0.92,余额支付,订单成功,4/27/2020 18:34:16
158798299214638szdyb3',18945136810,157829841525951628',2.08,2.08,余额支付,订单成功,4/27/2020 18:23:12
158798296466337ha32l0',15086360195,157829818607994096',2.08,0,余额支付,订单成功,4/27/2020 18:22:44
1587981741700365rdya4',15300714225,157829841525951628',6,6,余额支付,订单成功,4/27/2020 18:02:21
1587968424556355gc34b',18688668504,157829841525951628',6,6,余额支付,订单成功,4/27/2020 14:20:24
15879671410323459hchu',17772835877,157829818607994096',3.48,0,余额支付,订单成功,4/27/2020 13:59:01
1587958440729333fdynz',18072974222,157829810475321301',6.01,0,余额支付,订单成功,4/27/2020 11:34:00
1587952746892320c4ac4',18688668504,157829818607994096',0,0,余额支付,订单成功,4/27/2020 09:59:06
158789938362931mkngps',18972838487,157829818607994096',0.87,0.87,余额支付,订单成功,4/26/2020 19:09:43
1587896701219309rhj5x',18381888388,157829830668829372',5.98,5.98,余额支付,订单成功,4/26/2020 18:25:01
158788539746729tm6erx',18688668504,157829841525951628',5.37,5.37,余额支付,订单成功,4/26/2020 15:16:37
15878812722882811fc57',13810728571,157829830668829372',7.56,7.56,余额支付,订单成功,4/26/2020 14:07:52
158787746178227nbnbpk',13810728571,157829818607994096',1.02,1.02,余额支付,订单成功,4/26/2020 13:04:21
158787622531426h90h09',15981956084,157829818607994096',2.46,2.46,余额支付,订单成功,4/26/2020 12:43:45
15878739167442595fr2w',15982779772,157829810475321301',1.73,1.73,余额支付,订单成功,4/26/2020 12:05:16
1587872079871247z6k2p',18981969012,157829810475321301',6.02,6.02,余额支付,订单成功,4/26/2020 11:34:39
158786754030323846w4r',18681873460,157829810475321301',2.39,2.39,余额支付,订单成功,4/26/2020 10:19:00
1587864381951223ryb1s',19102916999,157829810475321301',6.06,6.06,余额支付,订单成功,4/26/2020 09:26:21
1587818883248211dffmy',13427397747,157829810475321301',7.01,7.01,余额支付,订单成功,4/25/2020 20:48:03
158781189147720yvgm7n',13873634825,157829810475321301',4.89,4.89,余额支付,订单成功,4/25/2020 18:51:31
1587807207241191n7yy1',13699824867,157829841525951628',6.02,0,余额支付,订单成功,4/25/2020 17:33:27
158780678366418k7tsff',15182966510,157829818607994096',5.82,5.82,余额支付,订单成功,4/25/2020 17:26:23
158780305628917xar6sb',13754009224,157829830668829372',6.02,6.02,余额支付,订单成功,4/25/2020 16:24:16
158779901108316cd63h3',18909904790,157829810475321301',6.08,0.08,余额支付,订单成功,4/25/2020 15:16:51
158779890252715024hdn',13769829226,157829818607994096',3.68,3.68,余额支付,订单成功,4/25/2020 15:15:02
158779882263214buj98r',13872894098,157829841525951628',5.08,5.08,余额支付,订单成功,4/25/2020 15:13:42
1587798166198137hy31q',13872894098,157829841525951628',1.18,1.18,余额支付,订单成功,4/25/2020 15:02:46
158779716747112ex4xa4',15809819122,157829841525951628',5.99,5.99,余额支付,订单成功,4/25/2020 14:46:07
158779585924511m1jf9m',13578956273,157829841525951628',3.24,0,余额支付,订单成功,4/25/2020 14:24:19
158779384518210z3yha3',18691269750,157829841525951628',4.7,0,余额支付,订单成功,4/25/2020 13:50:45
15877905468829fjtpus',18691269750,157829830668829372',2.55,2.55,余额支付,订单成功,4/25/2020 12:55:46
1587789344160866rk95',18872898390,157829830668829372',5.23,0,余额支付,订单成功,4/25/2020 12:35:44
15877346322917rajt85',18872898390,157829818607994096',0.34,0.34,余额支付,订单成功,4/24/2020 21:23:52
15877344535716wjz2pp',15183226869,157829818607994096',0.26,0.26,余额支付,订单成功,4/24/2020 21:20:53
15877281683955pq3lwu',18688668504,157829841525951628',6.01,6.01,余额支付,订单成功,4/24/2020 19:36:08
15877259196414t8lv2d',17264911290,157829818607994096',0.92,0.92,余额支付,订单成功,4/24/2020 18:58:39
15877220952933acuzyc',18667897087,157829830668829372',0.94,0.94,余额支付,订单成功,4/24/2020 17:54:55
1587720816942235bn80',18667897087,157829841525951628',0,0,余额支付,订单成功,4/24/2020 17:33:36
15877206535191esu4ub',18667897087,157829841525951628',0,0,余额支付,订单成功,4/24/2020 17:30:53
15877205416700rzq2rg',18610734072,157829810475321301',0,0,余额支付,订单成功,4/24/2020 17:29:01
1587715776166232mydj3u',13973643855,157829841525951628',10.82,4.82,余额支付,订单成功,4/24/2020 16:09:36
1587714523801231u29fgb',18109833980,157829830668829372',4.03,4.03,余额支付,订单成功,4/24/2020 15:48:43
15877033884842306ebhat',19102916999,157829841525951628',4.38,4.38,余额支付,订单成功,4/24/2020 12:43:08
1587702715318229lfl2pd',18109833980,157829810475321301',12.76,12.76,余额支付,订单成功,4/24/2020 12:31:55
1587702288557228dk2gga',18872898390,157829830668829372',4.65,4.65,余额支付,订单成功,4/24/2020 12:24:48
1587696047668227d8xhee',18872898390,157829810475321301',0.07,0.07,余额支付,订单成功,4/24/2020 10:40:47
1587696013556226r3l3aa',18872898390,157829810475321301',0.04,0.04,余额支付,订单成功,4/24/2020 10:40:13
1587695939227225lx9m8v',19973015196,157829810475321301',0,0,余额支付,订单成功,4/24/2020 10:38:59
15876848978422243d46ra',17773696870,157829841525951628',2.57,2.57,余额支付,订单成功,4/24/2020 07:34:57
1587642507756223jxc4bl',18772907709,157829830668829372',6,0,余额支付,订单成功,4/23/2020 19:48:27
1587633993076222urmma3',15081938137,157829830668829372',6,6,余额支付,订单成功,4/23/2020 17:26:33
1587632735246221dhmhs4',13389823959,157829830668829372',6.52,6.52,余额支付,订单成功,4/23/2020 17:05:35
158762710764722012raaf',13758605296,157829841525951628',10.37,4.37,余额支付,订单成功,4/23/2020 15:31:47
15875586208492197zbxq3',18667897087,157829841525951628',5.98,5.98,余额支付,订单成功,4/22/2020 20:30:20
1587550515010218qlh2w2',18909909081,157829841525951628',0.12,0.12,余额支付,订单成功,4/22/2020 18:15:15
1587542116367217cd6kql',18909909081,157829818607994096',0.1,0.1,余额支付,订单成功,4/22/2020 15:55:16
1587542085542216s4c5qu',18909909081,157829810475321301',0.03,0.03,余额支付,订单成功,4/22/2020 15:54:45
15875420620622157syxu2',18909909081,157829841525951628',0.01,0.01,余额支付,订单成功,4/22/2020 15:54:22
15875420349652144b1mf5',15082024446,157829830668829372',0.02,0.02,余额支付,订单成功,4/22/2020 15:53:54
1587533307555213n17rs9',19103031216,157829818607994096',5.98,0,余额支付,订单成功,4/22/2020 13:28:27
15874595142302126jr5c4',13810728571,157829818607994096',0,0,余额支付,订单成功,4/21/2020 16:58:34
1587353082825211wnss9h',13810728571,157829830668829372',3.53,3.53,余额支付,订单成功,4/20/2020 11:24:42
1587352072991210ywqs75',18667897087,157829830668829372',5.99,0,余额支付,订单成功,4/20/2020 11:07:52
1587342512064209rdtcny',18667897087,157829810475321301',0.08,0.08,余额支付,订单成功,4/20/2020 08:28:32
1587342375452208pvma5h',18973787208,157829841525951628',0.5,0.5,余额支付,订单成功,4/20/2020 08:26:15
1587303985189207kwpvww',18688668504,157829830668829372',5.58,0,余额支付,订单成功,4/19/2020 21:46:25
1587293881946206saxkmm',13809818459,157829818607994096',0.91,0.91,余额支付,订单成功,4/19/2020 18:58:01
1587288585825205f94lth',18609824512,157829841525951628',1.8,1.8,余额支付,订单成功,4/19/2020 17:29:45
158728785366720488pu85',13809818459,157829830668829372',3.86,3.86,余额支付,订单成功,4/19/2020 17:17:33
1587286273033203qx00f0',15183228068,157829841525951628',7.36,7.36,余额支付,订单成功,4/19/2020 16:51:13
1587285787617202llwlgb',15073219327,157829841525951628',0.74,0.74,余额支付,订单成功,4/19/2020 16:43:07
1587285663377201kfa3qe',15183228068,157829818607994096',3.05,0,余额支付,订单成功,4/19/2020 16:41:03
1587284799545200krcnzf',15073219327,157829841525951628',6,0,余额支付,订单成功,4/19/2020 16:26:39
15872843676061995txqn0',13100028229,157829818607994096',5.99,0,余额支付,订单成功,4/19/2020 16:19:27
15872823553951980y1eud',18872898390,157829830668829372',5.33,5.33,余额支付,订单成功,4/19/2020 15:45:55
1587282016775197rdkhuk',18772876817,157829810475321301',2.25,2.25,余额支付,订单成功,4/19/2020 15:40:16
1587278924943196ujpqt2',13253328213,157829830668829372',8.49,0,余额支付,订单成功,4/19/2020 14:48:44
1587273626122195x8l5h3',13253328213,157829830668829372',2.07,2.07,余额支付,订单成功,4/19/2020 13:20:26
1587272596073194ubd3q9',18688668504,157829830668829372',6.01,6.01,余额支付,订单成功,4/19/2020 13:03:16
15872080841861934x6hda',15182923626,157829830668829372',0.1,0.1,余额支付,订单成功,4/18/2020 19:08:04
1587182037759192b4weza',15081823005,157829830668829372',3.37,3.37,余额支付,订单成功,4/18/2020 11:53:57
15871695320271913t6ukq',13918480747,157829841525951628',3.96,3.96,余额支付,订单成功,4/18/2020 08:25:32
1587115420503190976ewl',13918480747,157829830668829372',1.29,1.29,余额支付,订单成功,4/17/2020 17:23:40
1587114713845189p8w6xg',19102916999,157829830668829372',4,4,余额支付,订单成功,4/17/2020 17:11:53
1587110922863188ve7t57',15081864059,157829810475321301',15.75,9.75,余额支付,订单成功,4/17/2020 16:08:42
1587096369987187z883kn',13009034401,157829841525951628',1.52,1.52,余额支付,订单成功,4/17/2020 12:06:09
1587095092749186d1adqv',19102916999,157829841525951628',5.91,5.91,余额支付,订单成功,4/17/2020 11:44:52
15870428603891852za3ne',15983251795,157829810475321301',4.25,4.25,余额支付,订单成功,4/16/2020 21:14:20
1587041675171184gn57ay',18688668504,157829810475321301',4.02,4.02,余额支付,订单成功,4/16/2020 20:54:35
15870337369221839s08w5',15181966204,157829818607994096',0.24,0.24,余额支付,订单成功,4/16/2020 18:42:16
1587032757379182k8pcee',17372905719,157829810475321301',3.48,3.48,余额支付,订单成功,4/16/2020 18:25:57
15870307116481818wsapp',18109833980,157829810475321301',5.99,5.99,余额支付,订单成功,4/16/2020 17:51:51
158701956414818006e15h',18109833980,157829830668829372',15.75,15.75,余额支付,订单成功,4/16/2020 14:46:04
1587018351292179wb7tn3',17264911290,157829841525951628',3.68,3.68,余额支付,订单成功,4/16/2020 14:25:51
1587004212260178qqxzm4',17264911290,157829810475321301',1.51,1.51,余额支付,订单成功,4/16/2020 10:30:12
1587003409972177kw59h8',17264911290,157829810475321301',1.91,1.91,余额支付,订单成功,4/16/2020 10:16:49
1587002670171176ych1pu',18688668504,157829810475321301',1.62,1.62,余额支付,订单成功,4/16/2020 10:04:30
1586947823449175ukjn8n',18973656097,157829818607994096',0.83,0.83,余额支付,订单成功,4/15/2020 18:50:23
158694374560417401r7cl',18981969012,157829810475321301',5.98,5.98,余额支付,订单成功,4/15/2020 17:42:25
15869396773801739l6nal',13973701388,157829810475321301',2.79,2.79,余额支付,订单成功,4/15/2020 16:34:37
1586855257607172j4jj0c',13210804617,157829830668829372',4.85,4.85,余额支付,订单成功,4/14/2020 17:07:37
1586852647447171sxnsdp',15730373787,157829810475321301',4.45,4.45,余额支付,订单成功,4/14/2020 16:24:07
15867713504591700xtzj9',13702344495,157829841525951628',5.78,5.78,余额支付,订单成功,4/13/2020 17:49:10
15867685394641692ytxfr',13760120882,157829841525951628',1.69,1.69,余额支付,订单成功,4/13/2020 17:02:19
1586765017446168c9uhr9',18281967191,157829830668829372',4.55,4.55,余额支付,订单成功,4/13/2020 16:03:37
158676431097616721kw4p',18281967191,157829810475321301',9.17,3.17,余额支付,订单成功,4/13/2020 15:51:50
1586764119690166wxjp8b',18281967191,157829841525951628',0,0,余额支付,订单成功,4/13/2020 15:48:39
15867639050281653kuuqw',18981942763,157829841525951628',0,0,余额支付,订单成功,4/13/2020 15:45:05
1586745536228164d445lg',15073701788,157829841525951628',5.14,5.14,余额支付,订单成功,4/13/2020 10:38:56
1586735113473163xqkku3',13809818459,157829841525951628',6.08,6.08,余额支付,订单成功,4/13/2020 07:45:13
1586679147005162bnk9c3',18853704005,157829830668829372',6.81,6.81,余额支付,订单成功,4/12/2020 16:12:27
1586673477581161p9849x',18609824512,157829841525951628',6.08,6.08,余额支付,订单成功,4/12/2020 14:37:57
1586661353844160whux6t',15983251795,157829830668829372',9.71,9.71,余额支付,订单成功,4/12/2020 11:15:53
1586609757172159x5mpv4',18981942767,157829841525951628',1.97,1.97,余额支付,订单成功,4/11/2020 20:55:57
1586591666271158skff1x',18872898390,157829830668829372',18.47,18.47,余额支付,订单成功,4/11/2020 15:54:26
15865225380851579mvgwu',18909909081,157829841525951628',3.13,3.13,余额支付,订单成功,4/10/2020 20:42:18
1586520758929156gybgbx',18909909081,157829810475321301',1.88,1.88,余额支付,订单成功,4/10/2020 20:12:38
1586520622416155fb33un',18909909081,157829841525951628',0.54,0.54,余额支付,订单成功,4/10/2020 20:10:22
1586520423260154631d1s',18872898390,157829818607994096',0.77,0.77,余额支付,订单成功,4/10/2020 20:07:03
1586519801488153lpfjgx',18872898390,157829830668829372',0.9,0.9,余额支付,订单成功,4/10/2020 19:56:41
15865193723941527sgjq9',18872898390,157829810475321301',0.95,0.95,余额支付,订单成功,4/10/2020 19:49:32
1586518942805151z7z24j',18909909081,157829841525951628',0.92,0.92,余额支付,订单成功,4/10/2020 19:42:22
1586517460534150ekyawa',18909909081,157829841525951628',0.78,0.78,余额支付,订单成功,4/10/2020 19:17:40
15865162180991497u7r0c',18909909081,157829841525951628',1.34,1.34,余额支付,订单成功,4/10/2020 18:56:58
1586514955266148v2qmj0',18872898390,157829810475321301',0.43,0.43,余额支付,订单成功,4/10/2020 18:35:55
1586514634060147e6l9pd',18872898390,157829841525951628',1.17,1.17,余额支付,订单成功,4/10/2020 18:30:34
15865143623511467k9a8z',18872898390,157829810475321301',0,0,余额支付,订单成功,4/10/2020 18:26:02
1586513288474145k1ee14',18909909081,157829841525951628',1.6,1.6,余额支付,订单成功,4/10/2020 18:08:08
1586513185339144pweg0v',18872898390,157829810475321301',0.17,0.17,余额支付,订单成功,4/10/2020 18:06:25
15865130842731431a2uql',18909909081,157829841525951628',0.14,0.14,余额支付,订单成功,4/10/2020 18:04:44
1586512831938142km34ce',18667897087,157829841525951628',0.17,0.17,余额支付,订单成功,4/10/2020 18:00:31
1586512455078141bu0xa0',18667897087,157829830668829372',0.01,0.01,余额支付,订单成功,4/10/2020 17:54:15
1586512394543140dz7gaw',18667897087,157829841525951628',0.05,0.05,余额支付,订单成功,4/10/2020 17:53:14
1586512336741139pe88w9',18909909081,157829841525951628',0,0,余额支付,订单成功,4/10/2020 17:52:16
1586512188704138q4q2ky',18667897087,157829841525951628',0.04,0.04,余额支付,订单成功,4/10/2020 17:49:48
15865117759721370x8kq6',18667897087,157829830668829372',0.04,0.04,余额支付,订单成功,4/10/2020 17:42:55
1586511670759136qsk6q3',18872898390,157829841525951628',0.08,0.08,余额支付,订单成功,4/10/2020 17:41:10
1586510400493135g8qem0',18872898390,157829841525951628',0.49,0.49,余额支付,订单成功,4/10/2020 17:20:00
1586509311573134uuhv6m',13909898966,157829841525951628',0,0,余额支付,订单成功,4/10/2020 17:01:51
1586503239435133j0kz5d',13909898966,157829810475321301',3.03,3.03,余额支付,订单成功,4/10/2020 15:20:39
1586502445532132skb7rn',18688668504,157829841525951628',2.83,2.83,余额支付,订单成功,4/10/2020 15:07:25
1586497887845131zkz68z',15983251795,157829841525951628',10.58,10.58,余额支付,订单成功,4/10/2020 13:51:27
15864385375981300wxb9p',15983251795,157829810475321301',6.11,6.11,余额支付,订单成功,4/9/2020 21:22:17
1586437123174129ayrdjd',19148405344,157829810475321301',6.08,6.08,余额支付,订单成功,4/9/2020 20:58:43
15864354900781282d0blu',19148405344,157829818607994096',5.99,5.99,余额支付,订单成功,4/9/2020 20:31:30
158643385171312726g6pj',19148405344,157829818607994096',6.03,6.03,余额支付,订单成功,4/9/2020 20:04:11
1586432479681126mfd1h1',19148405344,157829818607994096',6.1,6.1,余额支付,订单成功,4/9/2020 19:41:19
1586431256566125txyx02',15081938137,157829841525951628',6.07,6.07,余额支付,订单成功,4/9/2020 19:20:56
1586431212448124k733ry',13702344495,157829830668829372',5.47,5.47,余额支付,订单成功,4/9/2020 19:20:12
1586428170671123jt1ncx',13702344495,157829830668829372',1.44,1.44,余额支付,订单成功,4/9/2020 18:29:30
1586427587578122l12rax',18872898390,157829830668829372',1.61,1.61,余额支付,订单成功,4/9/2020 18:19:47
15864267430161210d9b4z',18109833980,157829841525951628',0.48,0.48,余额支付,订单成功,4/9/2020 18:05:43
1586417731231120crtd10',18109833980,157829830668829372',6.62,6.62,余额支付,订单成功,4/9/2020 15:35:31
15864170388891195rdenu',18909909081,157829818607994096',3.75,3.75,余额支付,订单成功,4/9/2020 15:23:58
1586403649169118a4bukp',18909909081,157829830668829372',0.08,0.08,余额支付,订单成功,4/9/2020 11:40:49
1586401869243117vr0t8p',18909909081,157829841525951628',0.48,0.48,余额支付,订单成功,4/9/2020 11:11:09
1586400139976116m3jgj3',13758579848,157829810475321301',0.45,0.45,余额支付,订单成功,4/9/2020 10:42:19
15863344228021159r984f',15081966520,157829841525951628',6.04,6.04,余额支付,订单成功,4/8/2020 16:27:02
1586334053235114jfy7k4',13758579848,157829830668829372',6.1,6.1,余额支付,订单成功,4/8/2020 16:20:53
1586333751214113xc9k0k',15081966520,157829841525951628',6.04,6.04,余额支付,订单成功,4/8/2020 16:15:51
1586333314117112f17xcu',13758579848,157829830668829372',6.04,6.04,余额支付,订单成功,4/8/2020 16:08:34
1586332853776111l4nflv',18872898390,157829841525951628',6.1,6.1,余额支付,订单成功,4/8/2020 16:00:53
1586312520384110km0q1r',18872898390,157829841525951628',0,0,余额支付,订单成功,4/8/2020 10:22:00
15863124804191090ajtue',18872898390,157829830668829372',0,0,余额支付,订单成功,4/8/2020 10:21:20
1586311650530108zy5c73',18872898390,157829841525951628',0.04,0.04,余额支付,订单成功,4/8/2020 10:07:30
1586310205532107dabguk',18872898390,157829841525951628',5.97,5.97,余额支付,订单成功,4/8/2020 09:43:25
1586310077690106y29fkd',15086350764,157829841525951628',0.45,0.45,余额支付,订单成功,4/8/2020 09:41:17
1586253075420105dp9x8z',13909898966,157829830668829372',9.43,9.43,余额支付,订单成功,4/7/2020 17:51:15
1586247085016104y62duc',18609824512,157829830668829372',4.36,4.36,余额支付,订单成功,4/7/2020 16:11:25
158623850462710372t2x8',18609824512,157829830668829372',4.22,4.22,余额支付,订单成功,4/7/2020 13:48:24
1586237367846102hvhpzy',18688668504,157829830668829372',4.64,4.64,余额支付,订单成功,4/7/2020 13:29:27
1586172027208101tt16nn',13809818459,157829830668829372',0.2,0.2,余额支付,订单成功,4/6/2020 19:20:27
15861699227351008wzjym',15390728751,157829830668829372',4.76,4.76,余额支付,订单成功,4/6/2020 18:45:22
158616758474599mdhdf9',15800516225,157829841525951628',7.14,7.14,余额支付,订单成功,4/6/2020 18:06:24
158616704677098ynn711',15072906136,157829841525951628',3.73,3.73,余额支付,订单成功,4/6/2020 17:57:26
15861663064519718307w',13769820786,157829830668829372',3.66,3.66,余额支付,订单成功,4/6/2020 17:45:06
158614497923896lk66yu',15081864059,157829841525951628',8.07,2.07,余额支付,订单成功,4/6/2020 11:49:39
158614151100895wa24bj',15873444827,157829841525951628',2.88,2.88,余额支付,订单成功,4/6/2020 10:51:51
158614144801094fv1ue3',15081864059,157829830668829372',11.01,11.01,余额支付,订单成功,4/6/2020 10:50:48
158614101439793jwf5sa',15081864059,157829841525951628',4.44,4.44,余额支付,订单成功,4/6/2020 10:43:34
158614003184392d260aq',15081864059,157829830668829372',4.48,4.48,余额支付,订单成功,4/6/2020 10:27:11
158613826662791801sf5',18872898390,157829830668829372',0.28,0.28,余额支付,订单成功,4/6/2020 09:57:46
158613793381190s9ee9q',15081864059,157829841525951628',0,0,余额支付,订单成功,4/6/2020 09:52:13
158613638303189gr1973',15081864059,157829830668829372',6.07,6.07,余额支付,订单成功,4/6/2020 09:26:23
1586136214832886cfv6f',18109833980,157829818607994096',0,0,余额支付,订单失效,4/6/2020 09:23:34
158607552193887kwppcz',13702344495,157829830668829372',8.01,2.01,余额支付,订单成功,4/5/2020 16:32:01
158607370188986leyc13',18981942767,157829830668829372',4.95,4.95,余额支付,订单成功,4/5/2020 16:01:41
158606058974585sxgb2k',13702344495,157829830668829372',4.76,4.76,余额支付,订单成功,4/5/2020 12:23:09
158604657280584jh6tk0',18972862082,157829830668829372',4.75,4.75,余额支付,订单成功,4/5/2020 08:29:32
1586005767596836cx8qz',15390728751,157829830668829372',4.37,4.37,余额支付,订单成功,4/4/2020 21:09:27
158598922210382vs1w7s',15390728751,157829830668829372',0.09,0.09,余额支付,订单成功,4/4/2020 16:33:42
1585986701691818jr59z',19973006840,157829830668829372',7.57,1.57,余额支付,订单成功,4/4/2020 15:51:41
158597753444680n0ntk4',15081938137,157829830668829372',11.05,11.05,余额支付,订单成功,4/4/2020 13:18:54
158597741577379akwqmx',13659817537,157829818607994096',6.07,6.07,余额支付,订单成功,4/4/2020 13:16:55
158597653186078nvj0xq',15081938137,157829818607994096',6.06,6.06,余额支付,订单成功,4/4/2020 13:02:11
158597652389777wdnhhc',15081938137,157829818607994096',0,0,余额支付,订单成功,4/4/2020 13:02:03
158597526374276spmzx8',18772876817,157829818607994096',6.08,6.08,余额支付,订单成功,4/4/2020 12:41:03
1585974187430757hmfmv',18772876817,157829830668829372',7.31,7.31,余额支付,订单成功,4/4/2020 12:23:07
158597321672874tac43z',18609824512,157829830668829372',3.37,3.37,余额支付,订单成功,4/4/2020 12:06:56
158597229679573yaqrae',18609824512,157829830668829372',0.61,0.61,余额支付,订单成功,4/4/2020 11:51:36
158597203017272ff8rwf',18688668504,157829830668829372',1.2,1.2,余额支付,订单成功,4/4/2020 11:47:10
158596988526971fwk7tj',18609824512,157829818607994096',3.67,3.67,余额支付,订单成功,4/4/2020 11:11:25
158596839514370fmzll5',18772876817,157829830668829372',1.69,1.69,余额支付,订单成功,4/4/2020 10:46:35
1585967706626696fs8t6',18609824512,157829841525951628',6.59,0.59,余额支付,订单成功,4/4/2020 10:35:06
158596650321868t1p2f5',13973701388,157829830668829372',6.08,0.08,余额支付,订单成功,4/4/2020 10:15:03
158590173222667kq6b17',18381888388,157829841525951628',12.52,6.52,余额支付,订单成功,4/3/2020 16:15:32
158588832584966575bm3',18872898390,157829841525951628',5.73,5.73,余额支付,订单成功,4/3/2020 12:32:05
158588639958065lc13nj',18872898390,157829818607994096',0.32,0.32,余额支付,订单成功,4/3/2020 11:59:59
158588632969864hhxlq5',18872898390,157829830668829372',0.38,0.38,余额支付,订单成功,4/3/2020 11:58:49
158588627966163uuh2xx',18872898390,157829841525951628',0.18,0.18,余额支付,订单成功,4/3/2020 11:57:59
1585885762075629s6vhu',18872898390,157829810475321301',0.14,0.14,余额支付,订单成功,4/3/2020 11:49:22
158588574116461vhr0ab',18872898390,157829810475321301',0,0,余额支付,订单成功,4/3/2020 11:49:01
158588543334760xnvvk0',18872898390,157829830668829372',0.25,0.25,余额支付,订单成功,4/3/2020 11:43:53
1585885021431592syd8t',18872898390,157829841525951628',0.54,0.54,余额支付,订单成功,4/3/2020 11:37:01
158588448371658fstp69',18872898390,157829810475321301',0,0,余额支付,订单成功,4/3/2020 11:28:03
158588351638357gkzm2x',18872898390,157829841525951628',2.99,2.99,余额支付,订单成功,4/3/2020 11:11:56
158588337043256b2gxu5',18872898390,157829830668829372',0.17,0.17,余额支付,订单成功,4/3/2020 11:09:30
158588320204555jnz2yx',18872898390,157829818607994096',0.83,0.83,余额支付,订单成功,4/3/2020 11:06:42
158588274419154nx8hsr',18872898390,157829830668829372',1.91,1.91,余额支付,订单成功,4/3/2020 10:59:04
158588189386453wcbjyl',18872898390,157829841525951628',1.65,1.65,余额支付,订单成功,4/3/2020 10:44:53
158588156590352eakhcr',18872898390,157829810475321301',1.18,1.18,余额支付,订单成功,4/3/2020 10:39:25
158588120165851hyxccq',13399893253,157829841525951628',0.94,0.94,余额支付,订单成功,4/3/2020 10:33:21
158582287339650d81u2l',15272826068,157829810475321301',4.08,4.08,余额支付,订单成功,4/2/2020 18:21:13
158582248291749pm2bvt',13399893253,157829810475321301',1.24,1.24,余额支付,订单成功,4/2/2020 18:14:42
15858207546494896ttr5',15272826068,157829841525951628',1.95,1.95,余额支付,订单成功,4/2/2020 17:45:54
15858206743714734bctj',13809818459,157829810475321301',6.08,6.08,余额支付,订单成功,4/2/2020 17:44:34
158580381598146gn9sy3',13702344495,157829810475321301',8.2,8.2,余额支付,订单成功,4/2/2020 13:03:35
158579633916045vvj286',19102916999,157829810475321301',9.76,9.76,余额支付,订单成功,4/2/2020 10:58:59
1585734684562449uanuv',19102916999,157829810475321301',0.8,0.8,余额支付,订单成功,4/1/2020 17:51:24
158573354861743nbadrw',19102916999,157829810475321301',0.27,0.27,余额支付,订单成功,4/1/2020 17:32:28
158573317177842y5qbxz',19102916999,157829810475321301',1.29,1.29,余额支付,订单成功,4/1/2020 17:26:11
15857328547554102peqv',19102916999,157829810475321301',1.29,1.29,余额支付,订单成功,4/1/2020 17:20:54
158573264793240hkd903',19102916999,157829810475321301',1.29,1.29,余额支付,订单成功,4/1/2020 17:17:27
158573080520639d0uqs9',18872898390,157829810475321301',4.72,4.72,余额支付,订单成功,4/1/2020 16:46:45
1585725245655382f64ve',18173324389,157829810475321301',13.65,13.65,余额支付,订单成功,4/1/2020 15:14:05
158565006994237cpqk3w',18173324389,157829810475321301',2.46,2.46,余额支付,订单成功,3/31/2020 18:21:09
158564965985736q4c0fd',18182352411,157829810475321301',1.99,1.99,余额支付,订单成功,3/31/2020 18:14:19
158564886421835bpewea',18981942763,157829810475321301',5.98,5.98,余额支付,订单成功,3/31/2020 18:01:04
158555655772434r8j1he',13702344495,157829810475321301',5.7,5.7,余额支付,订单成功,3/30/2020 16:22:37
158553144508033kvksrn',13702344495,157829810475321301',9.66,9.66,余额支付,订单成功,3/30/2020 09:24:05
158527816817932nyv8nh',15172825477,157829810475321301',4.99,4.99,余额支付,订单成功,3/27/2020 11:02:48
1585216171629313avw83',15172825477,157829810475321301',2.07,2.07,余额支付,订单成功,3/26/2020 17:49:31
158521567046830b0ccpv',15172825477,157829810475321301',1.8,1.8,余额支付,订单成功,3/26/2020 17:41:10
1585215236947298dvstz',15172825477,157829810475321301',0.98,0.98,余额支付,订单成功,3/26/2020 17:33:56
158521494585128tu6k9p',19973006840,157829841525951628',1.15,1.15,余额支付,订单成功,3/26/2020 17:29:05
1585210267662274fu1z2',15390728751,157829810475321301',14.54,14.54,余额支付,订单成功,3/26/2020 16:11:07
158513257130026knegmy',15390728751,157829841525951628',1.22,1.22,余额支付,订单成功,3/25/2020 18:36:11
158513211602225cfdy68',15390728751,157829841525951628',0.3,0.3,余额支付,订单成功,3/25/2020 18:28:36
158513183615424eups2u',15390728751,157829841525951628',1.99,1.99,余额支付,订单成功,3/25/2020 18:23:56
158513095675223d6zq7r',15390728751,157829841525951628',1.98,1.98,余额支付,订单成功,3/25/2020 18:09:16
15851302619832296bkrj',18667897087,157829841525951628',4.04,4.04,余额支付,订单成功,3/25/2020 17:57:41
158511752797621abmfsf',18049580741,157829810475321301',10.64,10.64,余额支付,订单成功,3/25/2020 14:25:27
158511569581320lsxbxl',18667897087,157829810475321301',6.06,6.06,余额支付,订单成功,3/25/2020 13:54:55
158503431936719bdgfpb',15173001057,157829810475321301',0.14,0.14,余额支付,订单成功,3/24/2020 15:18:39
15850204795911869jad4',18981942763,157829810475321301',2.83,2.83,余额支付,订单成功,3/24/2020 11:27:59
158495498639517a3zuhl',13054078994,157829810475321301',3.81,3.81,余额支付,订单成功,3/23/2020 17:16:26
1584932881151164q2umy',13697626383,157829810475321301',6.08,6.08,余额支付,订单成功,3/23/2020 11:08:01
158469369771915kqpk8t',13973701388,157829810475321301',5.95,5.95,余额支付,订单成功,3/20/2020 16:41:37
158469193278214vxmndz',13973701388,157829810475321301',2.6,2.6,余额支付,订单成功,3/20/2020 16:12:12
1584691458602138yjcub',13973701388,157829810475321301',2.88,2.88,余额支付,订单成功,3/20/2020 16:04:18
158469035137612u9el2q',13973701388,157829810475321301',6.09,6.09,余额支付,订单成功,3/20/2020 15:45:51
158469026628511r26cek',13973701388,157829810475321301',0,0,余额支付,订单成功,3/20/2020 15:44:26
158469017222010c0tu4a',13973701388,157829810475321301',0,0,余额支付,订单成功,3/20/2020 15:42:52
15846900111009dhr3m4',18973742084,157829810475321301',0,0,余额支付,订单成功,3/20/2020 15:40:11
15846758827338bedcne',18181973176,157829810475321301',6.08,6.08,余额支付,订单成功,3/20/2020 11:44:42
15846078113727wzp5p4',18381888388,157829810475321301',6.11,6.11,余额支付,订单成功,3/19/2020 16:50:11
15845259093306qs0xtg',19973006840,157829810475321301',4.48,4.48,余额支付,订单成功,3/18/2020 18:05:09
158452480093951tq6df',13702344495,157829810475321301',3.97,3.97,余额支付,订单成功,3/18/2020 17:46:40
158450410466248ma4pj',18759832807,157829810475321301',4.89,4.89,余额支付,订单成功,3/18/2020 12:01:44
158449649474531ahayd',18759832807,157829810475321301',5.48,5.48,余额支付,订单成功,3/18/2020 09:54:54
15844954817232wlqmut',13972881468,157829810475321301',6.08,6.08,余额支付,订单成功,3/18/2020 09:38:01
15844406913241hfnjaw',18081961981,157829810475321301',3.48,3.48,余额支付,订单成功,3/17/2020 18:24:51
15844391530430ac4az1',18688668504,157829810475321301',4.92,4.92,余额支付,订单成功,3/17/2020 17:59:13
158443053180593huael8',18872898390,157829818607994096',0.55,0.55,余额支付,订单成功,3/17/2020 15:35:31
158442945813792qyz2dh',18872898390,157829818607994096',0.78,0.78,余额支付,订单成功,3/17/2020 15:17:38
158442942997491n3cjac',18872898390,157829818607994096',0,0,余额支付,订单成功,3/17/2020 15:17:09
1584427632207901m32be',15800516225,157829818607994096',0.13,0.13,余额支付,订单成功,3/17/2020 14:47:12
158426770357089z8uhln',19973006840,157829818607994096',2.33,2.33,余额支付,订单成功,3/15/2020 18:21:43
158424513640888k6frba',19973006840,157829830668829372',1.71,1.71,余额支付,订单成功,3/15/2020 12:05:36
158424469008587u8y7bk',15390728751,157829830668829372',1.18,1.18,余额支付,订单成功,3/15/2020 11:58:10
158418102974386ce75h3',15390728751,157829830668829372',6.04,6.04,余额支付,订单成功,3/14/2020 18:17:09
158417960957885332pt0',18072948325,157829830668829372',6.06,6.06,余额支付,订单成功,3/14/2020 17:53:29
1584172740028849taln6',18981969025,157829810475321301',8.16,2.16,余额支付,订单成功,3/14/2020 15:59:00
158416302151883upuzyh',18981969025,157829830668829372',2.83,2.83,余额支付,订单成功,3/14/2020 13:17:01
158416205432782yjbuzl',18981969025,157829830668829372',4.23,4.23,余额支付,订单成功,3/14/2020 13:00:54
158416178375281zrdy5g',18688668504,157829830668829372',1.79,1.79,余额支付,订单成功,3/14/2020 12:56:23
158407946537180yvfv4a',18688668504,157829818607994096',1.14,1.14,余额支付,订单成功,3/13/2020 14:04:25
158407664926579sp734w',18688668504,157829818607994096',9.21,9.21,余额支付,订单成功,3/13/2020 13:17:29
158391182211178hvqwga',13702344495,157829818607994096',1.2,1.2,余额支付,订单成功,3/11/2020 15:30:22
158355703794777ey50zt',13702344495,157829841525951628',4.8,4.8,余额支付,订单成功,3/7/2020 12:57:17
158355631367176800pfj',18981942767,157829841525951628',3.45,3.45,余额支付,订单成功,3/7/2020 12:45:13
158340240234575nz6xx4',18981942767,157829830668829372',4.23,4.23,余额支付,订单成功,3/5/2020 18:00:02
1583401451553745whje9',15173001057,157829830668829372',1.79,1.79,余额支付,订单成功,3/5/2020 17:44:11
1583276759793739kw1fr',13973665559,157829841525951628',1.08,1.08,余额支付,订单成功,3/4/2020 07:05:59
1583048671785724s75t7',18872898390,157829810475321301',5.85,5.85,余额支付,订单成功,3/1/2020 15:44:31
158304665701571jt8l5k',18981942763,157829830668829372',11.06,11.06,余额支付,订单成功,3/1/2020 15:10:57
158287528087970pxpfeg',13702344495,157829841525951628',3.53,3.53,余额支付,订单成功,2/28/2020 15:34:40
158268541477969a50kvn',18081961981,157829841525951628',5.19,5.19,余额支付,订单成功,2/26/2020 10:50:14
158253275618768zpgnpj',15086350764,157829830668829372',6.91,6.91,余额支付,订单成功,2/24/2020 16:25:56
158235472244767swex9u',15086350764,157829841525951628',5.16,5.16,余额支付,订单成功,2/22/2020 14:58:42
158235329981766u96wkh',18381888388,157829841525951628',6.06,0.06,余额支付,订单成功,2/22/2020 14:34:59
158199924972265vqxddq',13702344495,157829841525951628',4.26,4.26,余额支付,订单成功,2/18/2020 12:14:09
1581995780445644nku3k',13180646512,157829841525951628',2.95,2.95,余额支付,订单成功,2/18/2020 11:16:20
158191606832163hu62va',13180646512,157829841525951628',2.05,2.05,余额支付,订单成功,2/17/2020 13:07:48
158191343520762a1z4vt',15182923626,157829810475321301',3.1,3.1,余额支付,订单成功,2/17/2020 12:23:55
158191286617861vqshhd',18688668504,157829841525951628',5.3,5.3,余额支付,订单成功,2/17/2020 12:14:26
158182948451960yjasff',18688668504,157829841525951628',3.33,3.33,余额支付,订单成功,2/16/2020 13:04:44
15818284797115974e9v4',13702344495,157829841525951628',6.15,0.15,余额支付,订单成功,2/16/2020 12:47:59
158181548755958br6bcj',18981942767,157829841525951628',0.35,0.35,余额支付,订单成功,2/16/2020 09:11:27
158167381449257h3yd0j',13702344495,157829830668829372',3.59,3.59,余额支付,订单成功,2/14/2020 17:50:14
158165580949356v14rnc',18081961981,157829810475321301',7.75,7.75,余额支付,订单成功,2/14/2020 12:50:09
158123367354255hwccdy',18081961981,157829841525951628',11.23,5.23,余额支付,订单成功,2/9/2020 15:34:33
158123338775054ackg22',18081961981,157829841525951628',1.11,1.11,余额支付,订单成功,2/9/2020 15:29:47
158123164101653etjzrm',13702344495,157829841525951628',4.88,4.88,余额支付,订单成功,2/9/2020 15:00:41
158114064684652q22a94',13702344495,157829830668829372',1.24,1.24,余额支付,订单成功,2/8/2020 13:44:06
158113984762951wx199q',18981942767,157829830668829372',4.79,4.79,余额支付,订单成功,2/8/2020 13:30:47
158103897803550e43smu',19973006840,157829830668829372',6.07,0.07,余额支付,订单成功,2/7/2020 09:29:38
158037384726249th1smu',19973006840,157829841525951628',4.71,4.71,余额支付,订单成功,1/30/2020 16:44:07
158037288605448uxmzqs',19973006840,157829841525951628',6.11,0.11,余额支付,订单成功,1/30/2020 16:28:06
158037285820047b0zn1j',13702344495,157829841525951628',0,0,余额支付,订单成功,1/30/2020 16:27:38
1580262672658466ythy9',13702344495,157829841525951628',1.01,1.01,余额支付,订单成功,1/29/2020 09:51:12
158026207874745dtg4d9',13702344495,157829841525951628',0.56,0.56,余额支付,订单成功,1/29/2020 09:41:18
158026180744144ym1ef6',13702344495,157829841525951628',1.6,1.6,余额支付,订单成功,1/29/2020 09:36:47
158026140860743n5mf1a',13702344495,157829841525951628',1.6,1.6,余额支付,订单成功,1/29/2020 09:30:08
158017773436542tbqlse',13702344495,157829841525951628',1.61,1.61,余额支付,订单成功,1/28/2020 10:15:34
15801775096044159lwab',13702344495,157829841525951628',1.6,1.6,余额支付,订单成功,1/28/2020 10:11:49
158010534278140teb4ez',13702344495,157829841525951628',1.61,1.61,余额支付,订单成功,1/27/2020 14:09:02
158010476545339sfjje6',13702344495,157829841525951628',3.24,3.24,余额支付,订单成功,1/27/2020 13:59:25
158009886431438pub63h',13702344495,157829830668829372',2.8,2.8,余额支付,订单成功,1/27/2020 12:21:04
158001303753837kgcwz8',15072894396,157829841525951628',5.72,0,余额支付,订单成功,1/26/2020 12:30:37
157968402655836pgq8f7',15072894396,157829841525951628',2.73,2.73,余额支付,订单成功,1/22/2020 17:07:06
157968212869435by0zew',13973716326,157829810475321301',8.07,2.07,余额支付,订单成功,1/22/2020 16:35:28
157965920234834m6tqpu',13973716326,157829830668829372',2.24,2.24,余额支付,订单成功,1/22/2020 10:13:22
1579658724720336djs0b',13973716326,157829830668829372',0.76,0.76,余额支付,订单成功,1/22/2020 10:05:24
157965849341132e1k87z',15873444827,157829830668829372',1.22,1.22,余额支付,订单成功,1/22/2020 10:01:33
157960198817431yu61yt',17381988777,157829830668829372',1.01,1.01,余额支付,订单成功,1/21/2020 18:19:48
157960113847930a2uv8u',17381988777,157829830668829372',4.85,4.85,余额支付,订单成功,1/21/2020 18:05:38
157960079975729rcdyyw',15873444827,157829830668829372',1.18,1.18,余额支付,订单成功,1/21/2020 17:59:59
157959954302128kwn72l',18981942763,157829841525951628',4.98,4.98,余额支付,订单成功,1/21/2020 17:39:03
157959603872527lbraaz',18981942763,157829810475321301',3.69,3.69,余额支付,订单成功,1/21/2020 16:40:38
1579595244785265qum14',18381888388,157829810475321301',2.36,2.36,余额支付,订单成功,1/21/2020 16:27:24
157958329628225frf7v1',15223028361,157829841525951628',6.05,0.05,余额支付,订单成功,1/21/2020 13:08:16
157958272850024yj6esh',15223028361,157829810475321301',1.59,1.59,余额支付,订单成功,1/21/2020 12:58:48
157958147353523utp7uh',15182923626,157829810475321301',6.08,0.08,余额支付,订单成功,1/21/2020 12:37:53
157958067873222xmk4gz',18872898390,157829830668829372',6.05,0.05,余额支付,订单成功,1/21/2020 12:24:38
1579567992324213fcm35',18982013956,157829818607994096',2.7,2.7,余额支付,订单成功,1/21/2020 08:53:12
157951278675820rcl6qb',18982013956,157829841525951628',5.35,5.35,余额支付,订单成功,1/20/2020 17:33:06
157951245506819mhz2br',18872898390,157829841525951628',0.58,0.58,余额支付,订单成功,1/20/2020 17:27:35
157951217956018lf8shx',15873416178,157829830668829372',4.92,4.92,余额支付,订单成功,1/20/2020 17:22:59
157951139908317al9sk2',18982013956,157829810475321301',6.1,0.1,余额支付,订单成功,1/20/2020 17:09:59
157951069077216ady12f',13873719605,157829841525951628',5.62,0,余额支付,订单成功,1/20/2020 16:58:10
157951023231415ducyw9',13439816767,157829830668829372',4.92,4.92,余额支付,订单成功,1/20/2020 16:50:32
157950934428014hsfdnv',15981831994,157829810475321301',5.62,0,余额支付,订单成功,1/20/2020 16:35:44
15795091009521357sw7f',18872898390,157829841525951628',4.8,4.8,余额支付,订单成功,1/20/2020 16:31:40
1579505087628127pc7xg',13973643855,157829830668829372',5.78,5.78,余额支付,订单成功,1/20/2020 15:24:47
157950383638711yhk9ct',18872898390,157829830668829372',6.05,0.05,余额支付,订单成功,1/20/2020 15:03:56
15795031886111077daht',15909898156,157829841525951628',1.72,1.72,余额支付,订单成功,1/20/2020 14:53:08
15795024050059xy8nbn',15909898156,157829818607994096',5.91,5.91,余额支付,订单成功,1/20/2020 14:40:05
15795007802108l30yx1',18872898390,157829810475321301',6.08,0.08,余额支付,订单成功,1/20/2020 14:13:00
15795005155167guwb97',18872898390,157829841525951628',12.15,12.15,余额支付,订单成功,1/20/2020 14:08:35
15795004517086ag6fpa',13809818459,157829841525951628',0,0,余额支付,订单成功,1/20/2020 14:07:31
157949971402155ktjge',13809818459,157829841525951628',2.45,2.45,余额支付,订单成功,1/20/2020 13:55:14
15794965732404crjf2j',13809818459,157829830668829372',3.54,3.54,余额支付,订单成功,1/20/2020 13:02:53
157949524463336x9n6c',15981831994,157829830668829372',6.05,0.05,余额支付,订单成功,1/20/2020 12:40:44
15794910522892qymnpy',18872898390,157829810475321301',0,0,余额支付,订单成功,1/20/2020 11:30:52
15794902792531m12l3n',18049629898,157829810475321301',0.5,0.5,余额支付,订单成功,1/20/2020 11:17:59
157949002952103d8qqm',18909909081,157829810475321301',0.09,0.09,余额支付,订单成功,1/20/2020 11:13:49
157941638375220v6b2py',18872898390,157829841525951628',0.65,0.65,余额支付,订单成功,1/19/2020 14:46:23
1579416079327190cu8fq',13685082197,157829810475321301',0.69,0.69,余额支付,订单成功,1/19/2020 14:41:19
157941606988118qf9aay',13685082197,157829830668829372',0.58,0.58,余额支付,订单成功,1/19/2020 14:41:09
15794160057911757gaed',18872898390,157829830668829372',0.16,0.16,余额支付,订单成功,1/19/2020 14:40:05
157941550380216hu98zk',18872898390,157829841525951628',2.7,2.7,余额支付,订单成功,1/19/2020 14:31:43
157941522723315hfuemm',18872898390,157829830668829372',0.91,0.91,余额支付,订单成功,1/19/2020 14:27:07
1579415148435142xcql1',18872898390,157829841525951628',0.21,0.21,余额支付,订单成功,1/19/2020 14:25:48
157941481520513r6juv1',18688668504,157829810475321301',0.68,0.68,余额支付,订单成功,1/19/2020 14:20:15
1579414204163127zt4vb',18872898390,157829810475321301',0.68,0.68,余额支付,订单成功,1/19/2020 14:10:04
157941346749511x2g4kw',13685082197,157829841525951628',0,0,余额支付,订单成功,1/19/2020 13:57:47
157924204298010l5fqxf',18909909081,157829810475321301',3.9,3.9,余额支付,订单成功,1/17/2020 14:20:42
15792371402669048m5e',18909909081,157829818607994096',0.16,0.16,余额支付,订单成功,1/17/2020 12:59:00
15792370573388j5e5b3',18872898390,157829818607994096',0,0,余额支付,订单成功,1/17/2020 12:57:37
15792357385827xc9aa1',18872898390,157829830668829372',3.59,3.59,余额支付,订单成功,1/17/2020 12:35:38
157923138492661pdmlk',18872898390,157829841525951628',0,0,余额支付,订单成功,1/17/2020 11:23:04
15791642275655fw0h7y',18872898390,157829810475321301',3.05,3.05,余额支付,订单成功,1/16/2020 16:43:47
157916062058543ehe0l',18872898390,157829810475321301',9.38,3.38,余额支付,订单成功,1/16/2020 15:43:40
15791597195143b04z1p',18872898390,157829810475321301',3.63,3.63,余额支付,订单成功,1/16/2020 15:28:39
15789941056092dxesdq',18872898390,157829818607994096',0.39,0.39,余额支付,订单成功,1/14/2020 17:28:25
15789919612731dl0fm3',18872898390,157829830668829372',0,0,余额支付,订单成功,1/14/2020 16:52:41
15789912793710g3eelw',18872898390,157829841525951628',0,0,余额支付,订单成功,1/14/2020 16:41:19
15789908403790v4x2xp',18872898390,157829841525951628',6,6,余额支付,订单成功,1/14/2020 16:34:00
15789001994763rye9ng',18872898390,157829810475321301',1,1,余额支付,订单成功,1/13/2020 15:23:19
157889949935621u4h9w',18872898390,157829810475321301',0,0,余额支付,订单成功,1/13/2020 15:11:39
15788986641561x72fcr',18872898390,157829810475321301',0,0,余额支付,订单成功,1/13/2020 14:57:44
15787349138440x35gce',15631584033,157829810475321301',0.28,0.28,余额支付,订单成功,1/11/2020 17:28:33
